source,url,title,note
ashbyhq,https://jobs.ashbyhq.com/mercor/de3025e5-10ca-4d55-b688-eff0e647ac8d,Software Engineer Intern,no_apply_button_detected
ashbyhq,https://jobs.ashbyhq.com/GPTZero,GPTZero,no_apply_button_detected
ashbyhq,https://jobs.ashbyhq.com/dandy/d8491a88-fa90-4299-afb0-af3a2121663f,"Software Engineer, Intern",no_apply_button_detected
ashbyhq,https://jobs.ashbyhq.com/myedspacecareers/2fdd9af4-5ac2-4f0a-b12f-ef576464f764,Founder's Intern,no_apply_button_detected
ashbyhq,https://jobs.ashbyhq.com/interplay/e223b1ec-b2f4-4730-a227-30a1c3c99328,"AI Intern, Venture",no_apply_button_detected
ashbyhq,https://jobs.ashbyhq.com/mercor/11516609-e54b-4087-87c2-e84a8bafbb5a,Data Science Intern,no_apply_button_detected
ashbyhq,https://jobs.ashbyhq.com/get-ivy/4c2f3523-c59a-44dd-927f-53c08b164f1e,Intern - Operations  (m/f/d),no_apply_button_detected
ashbyhq,https://jobs.ashbyhq.com/Ridealso/46fc8eaf-a868-4593-897f-39f85ca35269,"Software Engineering Intern, Backend - Summer 2026",no_apply_button_detected
ashbyhq,https://jobs.ashbyhq.com/k-ID/3088a8fa-aadc-48da-91b2-3b5bd4f6a2fe,Finance Intern (SG),no_apply_button_detected
ashbyhq,https://jobs.ashbyhq.com/MUBI/0e4005f8-3ac1-4cb3-a85a-4a47e16d602b,"Social Media Intern, BR",no_apply_button_detected
ashbyhq,https://jobs.ashbyhq.com/base-power/dcb0ebe2-3f5b-4805-95bf-6bbcf83d5ea0,Quality Engineering Intern,no_apply_button_detected
ashbyhq,https://jobs.ashbyhq.com/walrusfi/99c93c0e-ed9a-4e41-862a-0cdbe71d7d54/application,Full Stack Developer Intern,no_apply_button_detected
ashbyhq,https://jobs.ashbyhq.com/the-exploration-company/b4a20cc6-9f13-436f-9ebe-f38cce46a636,Nyx Earth System Engineer intern,no_apply_button_detected
ashbyhq,https://jobs.ashbyhq.com/finni-health/32dddaa9-33ed-4bc9-952d-6d8306e9e6a2,Paid BCBA Intern (Remote option available),no_apply_button_detected
ashbyhq,https://jobs.ashbyhq.com/sfcompute/46b8b486-ce15-4958-9b61-3a312ec070e2?ashby_jid=6fd69951-3a03-46b4-a5ca-048ffc542322&src=LinkedIn&utm_source=3rwBbq8Poy,Legal Intern – Technology & AI,no_apply_button_detected
ashbyhq,https://jobs.ashbyhq.com/Ridealso/32c3647d-90cb-4c24-ab17-e4c29a25a8a8/application?utm_source=Simplify&ref=Simplify,Data Engineering Intern,no_apply_button_detected
ashbyhq,https://jobs.ashbyhq.com/heidihealth.com.au/4a64ba1d-3947-4f8d-9c7c-de53cc5fe68b/application?embed=js,Cloud Infrastructure Intern,no_apply_button_detected
ashbyhq,https://jobs.ashbyhq.com/typeOS/d2c6e4f0-9eb5-4912-8ab9-ee4510cadb3e,Founding Growth Intern,no_apply_button_detected
ashbyhq,https://jobs.ashbyhq.com/mercor/de3025e5-10ca-4d55-b688-eff0e647ac8d/application,Software Engineer Intern,no_apply_button_detected
ashbyhq,https://jobs.ashbyhq.com/chalice/92bbb56c-da95-471d-8e3c-c827e434c685/application?utm_source=KzG85ED3GV,Revenue Operations Intern,no_apply_button_detected
ashbyhq,https://jobs.ashbyhq.com/finmid.com/a00eb04e-b3f5-45e4-8792-b75901ac969c/application,Strategy & Operations Intern - Ops Focus,no_apply_button_detected
ashbyhq,https://jobs.ashbyhq.com/sylvera/529e5bee-a4c7-4fa5-86c7-2db40ed7b315,Graduate Carbon Analyst Intern (Spanish/Portuguese speaking),no_apply_button_detected
ashbyhq,https://jobs.ashbyhq.com/cohere?locationId=5e7b71cb-3db6-4005-a300-d715a7d9074c,Cohere,no_apply_button_detected
ashbyhq,https://jobs.ashbyhq.com/bitstack/62b30b38-89df-426f-ba65-11caba5f51ec/application?embed=js,Digital Marketing & Communication Intern,no_apply_button_detected
ashbyhq,https://jobs.ashbyhq.com/alan/847efd59-7ccb-48cf-8d20-2de8accde410?departmentId=4fee9b6a-5980-4ded-bf91-be36a33b37ce,Account Management & Marketing Intern,no_apply_button_detected
ashbyhq,https://jobs.ashbyhq.com/sleeper/2b87fed1-5650-4253-8bc7-1e19dad4690a/application?utm_source_platform=workoutsideoffice.com,Product Design (Intern-to-Hire – Jan.'26),no_apply_button_detected
ashbyhq,https://jobs.ashbyhq.com/k-ID/18619df2-45d8-4732-8815-9a340d498d48/application?utm_source=substack&embed=js,Engineering Internship Program 2026,no_apply_button_detected
ashbyhq,https://jobs.ashbyhq.com/dandy/8a5c20b6-fcd5-416e-bebb-256928b3f112,Research Intern - 3D/CAD,no_apply_button_detected
ashbyhq,https://jobs.ashbyhq.com/AtomicSemi/e7a11aa8-5894-4a4d-9c94-55ebab61006a/application?embed=js,Circuit Design Intern - Winter,no_apply_button_detected
ashbyhq,https://jobs.ashbyhq.com/alan/847efd59-7ccb-48cf-8d20-2de8accde410/application,Account Management & Marketing Intern,no_apply_button_detected
ashbyhq,https://jobs.ashbyhq.com/illumio/9e423838-c7bc-43b5-affb-d753c10f2942/application?embed=js,Product Security Intern,no_apply_button_detected
ashbyhq,https://jobs.ashbyhq.com/MUBI/0e4005f8-3ac1-4cb3-a85a-4a47e16d602b/application,"Social Media Intern, BR",no_apply_button_detected
ashbyhq,https://jobs.ashbyhq.com/reonic/23d58ed8-b012-401c-a490-96ab6893d2d8/application?utm_campaign=Cold+-+France+-+Solar+-+All+ICPs+-+VV+-+Product+-+Video+-+1.8.25&utm_source=linkedin&utm_medium=paid&hsa_acc=509926203&hsa_cam=756864823&hsa_grp=409880113&hsa_ad=746505203&hsa_net=linkedin&hsa_ver=3,Digital Marketing Designer Intern (m/f/d) – Static Assets,no_apply_button_detected
ashbyhq,https://jobs.ashbyhq.com/gooddata/6cdda1e5-49b4-4027-b675-decca98769a3?utm_source=jobs.a16z.com,Intern,no_apply_button_detected
ashbyhq,https://jobs.ashbyhq.com/barnes/f0a42a1d-8ece-4299-ba60-03cd9147cebd,BT Rise Intern - Human Resources,no_apply_button_detected
ashbyhq,https://jobs.ashbyhq.com/ledger/ef9ea8eb-751e-4897-b630-d848b3a88963/application?locationId=7ec50906-533f-442f-9fe7-b576f0638c80,Internship - UX Research (f/m),no_apply_button_detected
ashbyhq,https://jobs.ashbyhq.com/sylvera,Sylvera,no_apply_button_detected
ashbyhq,https://jobs.ashbyhq.com/Coinhako/457431e3-eb31-420d-8805-968d6da5b35b,"Frontend Engineer Intern, Trading",no_apply_button_detected
ashbyhq,https://jobs.ashbyhq.com/root-access/535fd3cd-7a9d-42a2-827b-6211f554848b/application,Marketing & Growth Intern,no_apply_button_detected
ashbyhq,https://jobs.ashbyhq.com/backmarket/9d165804-67fd-4004-ba27-c304fc68e715?utm_source=7n3rmPlYnK&source=EUDataJobs,Content Design UX Intern,no_apply_button_detected
ashbyhq,https://jobs.ashbyhq.com/ternary/41f1c04c-8b05-4186-a95c-693c4ae051e2,"Staff Software Engineer, Full Stack",no_apply_button_detected
ashbyhq,https://jobs.ashbyhq.com/flosports/c20e014e-25de-4bba-aef2-76ac0dcf15fa/application?embed=js,Spring Internship - Content Video Production,no_apply_button_detected
ashbyhq,https://jobs.ashbyhq.com/chainalysis-careers/a1e2f39e-f429-4a42-b285-331a050525ec/application,"Data Analyst, Investigations - India",no_apply_button_detected
ashbyhq,https://jobs.ashbyhq.com/fhiaremodeling/c83c5e78-351c-4b24-a747-1e596aff6a1d?utm_campaign=renuity-llc-entry-level-sales-representative-3000-sign-on-bonus-bc3896848db630023400d0fbd67eb8b4&utm_medium=click&utm_source=tallahassee-jobs-recruitology&source=tallahassee-jobs-recruitology,DOD Skillbridge Opportunity: Field Marketing Representative,no_apply_button_detected
ashbyhq,https://jobs.ashbyhq.com/ledger?locationId=d316611e-8da8-4018-99cc-6c2a61065788,Ledger,no_apply_button_detected
ashbyhq,https://jobs.ashbyhq.com/coretylynt/c3b77805-6cbe-4cee-96cc-cc21881aacfb/application,Sales Kickstarter Program,no_apply_button_detected
ashbyhq,https://jobs.ashbyhq.com/moss/5e267368-ff99-47fc-a488-dfd4b6e27c8d/application?utm_source=talent.cherry.vc,"Working Student, FP&A (f/m/d)",no_apply_button_detected
ashbyhq,https://jobs.ashbyhq.com/sesame/5e846cd7-5719-440c-b8ef-2fba501847ae/application?ref=aimljobs.fyi&source=aimljobs.fyi&utm_source=aimljobs.fyi&utm_campaign=aimljobs.fyi,ML Engineer,no_apply_button_detected
ashbyhq,https://jobs.ashbyhq.com/trading212/872fe034-8149-4943-91e4-da878f8198c4/application,Graduate Trading Operations Analyst,no_apply_button_detected
ashbyhq,https://jobs.ashbyhq.com/designworkstalent/2a5aefe1-a44d-429d-97d3-1a3896e36859,Forensic Engineer/Architect - Project Manager,no_apply_button_detected
ashbyhq,https://jobs.ashbyhq.com/moss/5e267368-ff99-47fc-a488-dfd4b6e27c8d?utm_source=talent.cherry.vc,"Working Student, FP&A (f/m/d)",no_apply_button_detected
ashbyhq,https://jobs.ashbyhq.com/CoachHub%20Careers/52fbcd79-e29b-40be-ade2-4516712786f3,Assistant·e Marketing – Stage (Paris),no_apply_button_detected
ashbyhq,https://jobs.ashbyhq.com/designworkstalent/0f113964-a3b9-404f-937b-678abcdce984,Forensic Engineer/Architect - Project Manager,no_apply_button_detected
ashbyhq,https://jobs.ashbyhq.com/Carwow/20ad6171-214f-42f7-9db9-61c7a2c515b0/application?utm_source=Accel+job+board&utm_medium=getro.com&gh_src=Accel+job+board,Sales & Key Account Manager (m/w/d),no_apply_button_detected
ashbyhq,https://jobs.ashbyhq.com/Keyrock/43684ae8-7f44-451a-9691-cb043ad3bb52,Early Career- Junior Options Trader,no_apply_button_detected
ashbyhq,https://jobs.ashbyhq.com/statista/a4a008e6-1cb6-4117-8f3f-1da7bc801e3f/application?utm_source=arbeitnow.com&ref=arbeitnow.com,Working student User Research,no_apply_button_detected
ashbyhq,https://jobs.ashbyhq.com/trading212/4ae783de-ce38-4de4-b28f-f0d0a295939f/application,Graduate Operations Analyst - Taxes,no_apply_button_detected
ashbyhq,https://jobs.ashbyhq.com/solva/e336c053-5f6e-4076-ad14-f941ab5096b6/application?utm_id=6066746&utm_source=Talent+Junction,AI Engineer Internship,no_apply_button_detected
ashbyhq,https://jobs.ashbyhq.com/bobyard?utm_source=vQYK8PneK1,Bobyard,no_apply_button_detected
ashbyhq,https://jobs.ashbyhq.com/carwow/7fedab26-550d-444b-80bd-63f95268e4b5/application,Employee Experience Associate,no_apply_button_detected
ashbyhq,https://jobs.ashbyhq.com/lilt-corporate/c3a0518d-43af-4c0c-9002-6d2714a2f6f5,Enterprise Project Manager,no_apply_button_detected
ashbyhq,https://jobs.ashbyhq.com/chainalysis-careers/0e688de0-5b1b-4364-82c5-b6f83486c17e/application,Project Manager - Data Solutions,no_apply_button_detected
ashbyhq,https://jobs.ashbyhq.com/lilt-corporate/5ae4246a-d3ff-4880-bfb7-f46a80eeb0d8,Enterprise Project Manager,no_apply_button_detected
ashbyhq,https://jobs.ashbyhq.com/lilt-corporate/dfd42d2d-127f-454d-9251-562dab67c0ba,Enterprise Project Manager,no_apply_button_detected
ashbyhq,https://jobs.ashbyhq.com/semgrep/1dbbaf3e-1468-471a-b1b1-878b2ab87b52?embed=js,Staff Security Advocate,no_apply_button_detected
ashbyhq,https://jobs.ashbyhq.com/arch.co/9a1608ad-1201-4a3c-ace1-2dcc5f2778e9,Senior Account Operations Associate,no_apply_button_detected
ashbyhq,https://jobs.ashbyhq.com/conetic-group/55633010-5707-4544-914c-0eb1ce0a3b9f/application?ashby_jid=55633010-5707-4544-914c-0eb1ce0a3b9f&utm_source=dmJGw220WL,Audio Programming Specialist,no_apply_button_detected
ashbyhq,https://jobs.ashbyhq.com/conetic-group/393e8c2a-d3f1-42ef-94d2-6b08f2d4470b/application,Operations Coordinator,no_apply_button_detected
ashbyhq,https://jobs.ashbyhq.com/designworkstalent/355b3aed-5e14-490c-8d96-1ab131fedd56,Forensic Engineer/Architect - Senior Project Manager,no_apply_button_detected
ashbyhq,https://jobs.ashbyhq.com/conetic-group/2e774059-1e9d-4db4-977d-a15c7f264337/application,Content Programming & Strategy Specialist,no_apply_button_detected
ashbyhq,https://jobs.ashbyhq.com/conetic-group/2af824b4-429a-4a91-9701-5d5dbe1a631f/application,Frontend Cloud Developer,no_apply_button_detected
ashbyhq,https://jobs.ashbyhq.com/turnstile/1bd185b1-d560-4ac7-b28e-22ab23872358/application,Fullstack Engineer (Tech Lead),no_apply_button_detected
ashbyhq,https://jobs.ashbyhq.com/carwow/a081a9eb-30e5-44f0-82f1-ec5675207de4/application,Sales Executive (m/w/d),no_apply_button_detected
ashbyhq,https://jobs.ashbyhq.com/FLORA/f97a2c21-914f-4fbc-94f3-f9296db68ad7,Production Coordinator (Brand & Creative),no_apply_button_detected
ashbyhq,https://jobs.ashbyhq.com/fhiaremodeling/c83c5e78-351c-4b24-a747-1e596aff6a1d/application?utm_campaign=renuity-llc-entry-level-sales-representative-3000-sign-on-bonus-bc3896848db630023400d0fbd67eb8b4&utm_medium=click&utm_source=tallahassee-jobs-recruitology&source=tallahassee-jobs-recruitology,DOD Skillbridge Opportunity: Field Marketing Representative,no_apply_button_detected
ashbyhq,https://jobs.ashbyhq.com/atlan/789adcad-2de1-4b68-9b53-75daf7aaa0b5,Customer Solutions Architect,no_apply_button_detected
ashbyhq,https://jobs.ashbyhq.com/arago/92ad1f5e-219c-4033-bdec-316b68a6d465/application,ASIC CAD/Flow Engineer,no_apply_button_detected
ashbyhq,https://jobs.ashbyhq.com/trading212/872fe034-8149-4943-91e4-da878f8198c4,Graduate Trading Operations Analyst,no_apply_button_detected
ashbyhq,https://jobs.ashbyhq.com/deltia/5a11dde0-f5d2-4674-9f7f-c16b72932083?utm_source=Merantix+AI+Campus+job+board&utm_medium=getro.com&gh_src=Merantix+AI+Campus+job+board,Head of Sales,no_apply_button_detected
ashbyhq,https://jobs.ashbyhq.com/deltia/f62be31f-ffa4-4111-9177-01bbf676ec7c,Manufacturing Solution Engineer (AI Startup),no_apply_button_detected
ashbyhq,https://jobs.ashbyhq.com/deltia/4f67f4ba-6598-4d0c-884c-a29054000121?utm_source=Merantix+AI+Campus+job+board&utm_medium=getro.com&gh_src=Merantix+AI+Campus+job+board,Project Manager - Network and Installations,no_apply_button_detected
ashbyhq,https://jobs.ashbyhq.com/dedale-intelligence/fa1c2233-8d07-449f-93b5-45c1be687dcf,Data Analyst,no_apply_button_detected
ashbyhq,https://jobs.ashbyhq.com/atlan/14d65ce3-bd6a-4be3-8d7d-0221f6bab458,Motion Graphics Designer,no_apply_button_detected
ashbyhq,https://jobs.ashbyhq.com/nabihealth/fa703d6e-f120-4663-bb99-3d583673d53a,Nabi Eating Disorder Registered Dietitian,no_apply_button_detected
ashbyhq,https://jobs.ashbyhq.com/FORMENERGY/739bce82-fa19-4928-91d2-0a19ff8b7539?embed=js,Compliance Test Engineer,no_apply_button_detected
lever,https://jobs.lever.co/elfbeauty/73a96233-7116-48a7-8dd5-0ace4c84bbb7/apply,"Intern, Integrated Marketing Communications, Keys Soulcare",no_apply_button_detected
lever,https://jobs.lever.co/stanleygroup/8d3bb231-0adb-447c-8590-26ec35e7d55d/apply,Stanley Consultants - Student Intern 2026 - Traffic,fetch_failed
lever,https://jobs.lever.co/nexuse-group/223258e6-13eb-4640-9f2b-cbaa06caf167?source=JobTarget,Instrumentation & Controls Engineer Intern or Co-Op ...,fetch_failed
lever,https://jobs.lever.co/quincyinst/2c6d2b53-a5eb-4f56-be4e-f94e984907ee/apply,Quincy Institute - Eurasia and Grand Strategy Program Intern,no_apply_button_detected
lever,https://jobs.lever.co/qrypt/67606af4-1868-4d79-9ce3-6eb1e40d4d95/apply,Hardware Engineer Intern - Qrypt,no_apply_button_detected
lever,https://jobs.lever.co/dreamgolf/52ad3c83-14ee-4293-ad19-446fb09f80d0/apply,Dream Golf - Agronomy Intern @ Wild Spring Dunes,no_apply_button_detected
lever,https://jobs.lever.co/clovirtualfashion/4328102d-e972-4cce-b155-59e9d2a3a587/apply,"CLO Virtual Fashion - R&D, Summer Intern (2026) - US/EU",no_apply_button_detected
lever,https://jobs.lever.co/heetch/2568f663-47e7-4fe7-a21c-e403a7605be3/apply?lever-origin=applied&lever-source%5B%5D=wttj,Heetch - Business Analyst Intern (stage Barcelone),no_apply_button_detected
lever,https://jobs.lever.co/useinsider/c544bdf5-f2e2-4fbe-9693-65ecda486f0b/apply,"IT, Administrative Operations & Travel/Events",no_apply_button_detected
lever,https://jobs.lever.co/tokenmetrics/49f69ef5-b493-4e0d-9ea7-3cd48129234d/apply,Token Metrics - Crypto Video Editor and Producer Intern,no_apply_button_detected
greenhouse,https://job-boards.greenhouse.io/twiliostudents/jobs/7383292,"Software Engineer Intern (January start, 6 months)",no_apply_button_detected
greenhouse,https://job-boards.greenhouse.io/zyngacareers/jobs/5723667004,Job Application for Production Intern at Zynga,no_apply_button_detected
greenhouse,https://job-boards.greenhouse.io/chromeindustries?error=true,CAREERS,no_apply_button_detected
greenhouse,https://job-boards.greenhouse.io/wehrtyou/jobs/5196809,Data Production Engineer,no_apply_button_detected
greenhouse,https://job-boards.greenhouse.io/gleanwork/jobs/4634196005,Data Science Operations Specialist - Internship,no_apply_button_detected
greenhouse,https://job-boards.greenhouse.io/equipmentsharecom?error=true,Current Job Openings at EquipmentShare,no_apply_button_detected
greenhouse,https://job-boards.greenhouse.io/bursonglobalcareers/jobs/5011973008,"Job Application for Intern, Communications & Public Affairs ...",no_apply_button_detected
greenhouse,https://job-boards.greenhouse.io/andurilindustries/jobs/4853852007?gh_jid=4853852007,Open Roles,no_apply_button_detected
greenhouse,https://job-boards.greenhouse.io/trufruinterns,Jobs at trü frü intern,no_apply_button_detected
greenhouse,https://job-boards.greenhouse.io/usafacts,Jobs at USAFacts,no_apply_button_detected
greenhouse,https://job-boards.greenhouse.io/onecampaign/jobs/5350794004,Policy and Advocacy Intern - Brussels,no_apply_button_detected
greenhouse,https://job-boards.greenhouse.io/wehrtyou/jobs/3903145,Quantitative Researcher (Mid-Freq),no_apply_button_detected
greenhouse,https://job-boards.greenhouse.io/hivestack,Join Us!,no_apply_button_detected
greenhouse,http://job-boards.greenhouse.io/hovercraft,Jobs at Hovercraft,no_apply_button_detected
greenhouse,https://job-boards.greenhouse.io/roka?error=true,Careers at ROKA,no_apply_button_detected
greenhouse,https://job-boards.greenhouse.io/embed/job_board?for=hitachidigitalservices,Jobs at Hitachi Digital Services,no_apply_button_detected
greenhouse,https://job-boards.greenhouse.io/toast/jobs/7383406,Enterprise Sales Coordinator -,fetch_failed
greenhouse,https://job-boards.greenhouse.io/wppmedia?offices=4047071008,Jobs at WPP Media,no_apply_button_detected
greenhouse,https://job-boards.greenhouse.io/businessolverinvitationonly/jobs/5708329,Jobs at Businessolver - Invitation Only Job Board,no_apply_button_detected
greenhouse,https://job-boards.greenhouse.io/datadog/jobs/7411889,Technical Account Manager 2 - New York,no_apply_button_detected
greenhouse,https://job-boards.greenhouse.io/formlabs/jobs/7422940,Mechanical Engineer,no_apply_button_detected
greenhouse,https://job-boards.greenhouse.io/wavemm1/jobs/5722332004,People Partner,no_apply_button_detected
greenhouse,https://job-boards.greenhouse.io/archospice/jobs/4067860009,Assistant Business Office Manager,no_apply_button_detected
ashbyhq,https://jobs.ashbyhq.com/axelera/c4581d53-2964-4982-b926-497cbaad4a6c/application,PoliTo Career Fair - recruiting registration form,no_apply_button_detected
ashbyhq,https://jobs.ashbyhq.com/ecosia.org/b5ab069f-7768-45d2-80f5-518d44467b54/application,Design Lead,no_apply_button_detected
ashbyhq,https://jobs.ashbyhq.com/moss/06f13c84-6b21-42eb-91aa-0956907d45c4?utm_source=talent.cherry.vc,(Senior) People Business Partner,no_apply_button_detected
ashbyhq,https://jobs.ashbyhq.com/joko/0499df46-013c-4f7d-9f6c-3445b2d63361?source=welcome-to-the-jungle,User Acquisition Manager,no_apply_button_detected
ashbyhq,https://jobs.ashbyhq.com/moss/60a1b219-fb21-4c0f-a188-f7c88551e6be?origin-page=en-gb%2Fcontact,Customer Support Specialist - Dutch/German (f/m/d) @ Moss,no_apply_button_detected
ashbyhq,https://jobs.ashbyhq.com/joko/7667b38b-1c0a-48ad-82a3-21becbb05367?locationId=332a5047-cf61-4418-86b5-3aecf8e09146,Talent Acquisition Manager,no_apply_button_detected
ashbyhq,https://jobs.ashbyhq.com/bjakcareer/f3a63627-c41d-4c10-bd61-d7b0aeb28cc9,Assistant Marketing Manager,no_apply_button_detected
ashbyhq,https://jobs.ashbyhq.com/axelera/295905a8-3ccc-4d82-b224-e371ec039683/application,IEEE Jobfair - Leuven 2025,no_apply_button_detected
ashbyhq,https://jobs.ashbyhq.com/M-KOPA/dc1538ae-22f0-4053-b45a-d52d41188fcd?embed=js,Sales Executive - Ogbomoso,no_apply_button_detected
ashbyhq,https://jobs.ashbyhq.com/M-KOPA/dc1538ae-22f0-4053-b45a-d52d41188fcd,Sales Executive - Ogbomoso,no_apply_button_detected
lever,https://jobs.lever.co/wavicledata/9307f287-482c-4e89-a8e1-1c4c55e86ae7/apply?lever-source=Blind,"Wavicle Data Solutions - Engagement Manager, Retail",no_apply_button_detected
greenhouse,https://job-boards.greenhouse.io/embed/job_app?for=udemy&token=5718428004,Job Application for Account Development Representative,no_apply_button_detected
lever,https://jobs.lever.co/lyrahealth/f51378f3-1521-4945-a8aa-d310d6e9f32e/apply,Mental Health Therapist - 1099 Contractor - South Dakota,no_apply_button_detected
greenhouse,https://job-boards.greenhouse.io/tastylive/jobs/5005846004,Jobs at tastylive,no_apply_button_detected
greenhouse,https://job-boards.greenhouse.io/razorpaysoftwareprivatelimited/jobs/4631909005,Associate Technical Consultant,no_apply_button_detected
lever,https://jobs.lever.co/klick?lever-via=-IPY0sFRXS&location=S%C3%A3o%20Paulo%2C%20Brazil,Klick,no_apply_button_detected
lever,https://jobs.lever.co/ninjavan/?%20corporate%20service%5B0%5D=&%20corporate%20service%5B1%5D=&%20corporate%20service%5B2%5D=&%20strategy=%2F1000&location=Arau%2C%20Perlis%2C%20Malaysia,Ninja Van,no_apply_button_detected
lever,https://jobs.lever.co/coins/?location=France,Coins.ph,no_apply_button_detected
ashbyhq,https://jobs.ashbyhq.com/mach/bff0f93d-d11c-4562-97fa-1b39a4981800/application?embed=js,Spring Intern 2026 - Flight Test,no_apply_button_detected
ashbyhq,https://jobs.ashbyhq.com/eightsleep/86959a9a-44a5-401d-8009-f9a691acefee/application?trk=public_post_reshare-text,Hardware Support & Test Intern,no_apply_button_detected
ashbyhq,https://jobs.ashbyhq.com/Plaud/1e24245b-6dca-4c6d-acab-a77d26272894,Strategy Intern,no_apply_button_detected
ashbyhq,https://jobs.ashbyhq.com/junior/23ee686b-d305-4ac9-860d-16c99ddb4891,Software Engineering Intern,no_apply_button_detected
ashbyhq,https://jobs.ashbyhq.com/manusai/efec766c-79f3-4af6-b48c-7e6732b23cb2,BD Intern,no_apply_button_detected
ashbyhq,https://jobs.ashbyhq.com/opusclip/80ed2f92-0059-4e4e-9349-3fd3a705a42d,"Social Media Intern, AI Agent (Vancouver)",no_apply_button_detected
ashbyhq,https://jobs.ashbyhq.com/realitydefender/271c2975-664a-4a14-b5f0-435ec27de68b?utm_source=DCVC+job+board&utm_medium=getro.com&gh_src=DCVC+job+board,Computer Vision PhD Intern (Summer 2026),no_apply_button_detected
ashbyhq,https://jobs.ashbyhq.com/spaice-tech/e3f67cc8-c383-478a-89dc-bd535605cd9b/application,Computer Vision Engineer Intern,no_apply_button_detected
lever,https://jobs.lever.co/Mamo/3e9d878d-853b-4253-8b22-4fa1bf865364/apply,Sales Development Intern (Remote) - Mamo,no_apply_button_detected
ashbyhq,https://jobs.ashbyhq.com/h3x-technologies/834fa655-a27c-441c-a9ff-a34b9a03fef4/application?embed=js,Manufacturing Engineer Intern,no_apply_button_detected
ashbyhq,https://jobs.ashbyhq.com/bitstack/bb0803c8-69a4-4b23-88a9-09bff1b3258d?embed=js,Founder's Associate,no_apply_button_detected
ashbyhq,https://jobs.ashbyhq.com/metalenz/c8150d66-9f72-4508-ac94-8a7efa54e206/application,Meta-Optics Intern,no_apply_button_detected
ashbyhq,https://jobs.ashbyhq.com/mechanize/d148d54f-6db7-4c28-9699-0304596f554e/application,Software Engineering Intern,no_apply_button_detected
ashbyhq,https://jobs.ashbyhq.com/the-exploration-company/64c2d07b-e5a3-4443-add2-73ec587f6e21,Intern – Composite Manufacturing Processes for Thermal Protection Systems (TPS),no_apply_button_detected
ashbyhq,https://jobs.ashbyhq.com/the-exploration-company/6842a714-0816-4c1a-b704-a05b75645501/application?embed=js,Intern- E-CAD and Harness Design,no_apply_button_detected
greenhouse,https://job-boards.greenhouse.io/hackerrank/jobs/7297350,Technical Content Engineer Intern,no_apply_button_detected
greenhouse,https://job-boards.greenhouse.io/nationallifeinsurancecompany/jobs/4057842009?gh_src=l7g79idn9us,Identity and Access Management Intern - Summer 2026,no_apply_button_detected
greenhouse,https://job-boards.greenhouse.io/wehrtyou/jobs/6330602?t=1de042731us,Experienced Software Engineer - Development Tools,no_apply_button_detected
greenhouse,https://job-boards.greenhouse.io/wehrtyou/jobs/6533898?gh_src=7dce169c1us,Senior Windows Platform and Cloud Infrastructure Engineer,no_apply_button_detected
greenhouse,https://job-boards.greenhouse.io/icapitalnetwork/jobs/8244988002?gh_src=cb16d5a02,Investor Relations - Summer 2026 Intern at iCapital,no_apply_button_detected
greenhouse,https://job-boards.greenhouse.io/wehrtyou/jobs/6703952?utm_source=ziprecruiter,"Experienced C++ Developer, Distributed Systems",no_apply_button_detected
lever,https://jobs.lever.co/foresea-technologies/5d934e8b-dda0-41d6-89ec-d298cbd498a2,OVRSEA - Business Development Intern (BDR Intern) - Italy,fetch_failed
greenhouse,https://job-boards.greenhouse.io/wehrtyou/jobs/6391309,Recruiting Coordinator,no_apply_button_detected
greenhouse,https://job-boards.greenhouse.io/wehrtyou/jobs/6703954,"Experienced C++ Developer, Distributed Compute",no_apply_button_detected
lever,https://jobs.lever.co/upstox/4f4e3375-248c-4c29-989f-3a9532279299,Upstox - Social Media Marketing Intern,fetch_failed
greenhouse,https://job-boards.greenhouse.io/skyryse/jobs/7341514?gh_src=da7ccb921us,Flight Test Instrumentation Intern (Summer 2026),no_apply_button_detected
lever,https://jobs.lever.co/amtengineering/3877a3f7-1513-4452-bbe4-dcfc9c7a5dad/apply,AMT Engineering - Civil Engineer Intern - May 2026,no_apply_button_detected
greenhouse,https://job-boards.greenhouse.io/abakaai,Jobs at Abaka AI,no_apply_button_detected
greenhouse,https://job-boards.greenhouse.io/slingshotaerospace/jobs/5712213004,Careers,no_apply_button_detected
greenhouse,http://job-boards.greenhouse.io/pretiuminternships2026?error=true,Jobs at 2026 Summer Internship Job Board,no_apply_button_detected
greenhouse,https://job-boards.greenhouse.io/inspiremedicalsystemsinc/jobs/4970945008?gh_jid=4970945008,Electro/Mechanical Test Systems Engineering Internship,no_apply_button_detected
lever,https://jobs.lever.co/telda.app/e6098ab4-ef0f-4cc4-b63f-1260fa427921?lever-source%5B%5D=careers.byld.vc,Telda - Customer Experience Intern,fetch_failed
lever,https://jobs.lever.co/AntiCapital/82cd4a04-c471-4bc8-9931-50b8a80987d9/apply,Anti Capital - Trading Strategy Developer Intern,no_apply_button_detected
lever,https://jobs.lever.co/foth/711ea83d-be30-4526-a5b4-0bb23458eb24,Foth - Civil Engineering Intern-Coastal Infrastructure ...,fetch_failed
greenhouse,https://job-boards.greenhouse.io/skhynixmemorysolutionsamericainc/jobs/4058327009,SSD Reliability Engineering Intern,fetch_failed
greenhouse,https://job-boards.greenhouse.io/ogilvyearlycareers/jobs/4632576005,The Ogilvy Group | Creative Summer Internship,no_apply_button_detected
greenhouse,https://job-boards.greenhouse.io/nationallifeinsurancecompany/jobs/4058174009?gh_src=l7g79idn9us,Jobs at National Life Insurance Company,no_apply_button_detected
lever,https://jobs.lever.co/viget/2c342b48-349d-4d15-9049-d152e584d306/apply,JavaScript Developer Intern (2026) - Viget,no_apply_button_detected
greenhouse,https://job-boards.greenhouse.io/project44/jobs/7371834,Job Application for Intern - Software Engineer at project44,no_apply_button_detected
lever,https://jobs.lever.co/viget/b3522526-0066-49b1-a2dc-502cda00fba0/apply,Viget - Product Designer Intern (2026),no_apply_button_detected
lever,https://jobs.lever.co/GoToGroup/adfe92de-f683-41e7-8868-9541aeb4250c/apply,GoTo Group - Local Language Specialist Intern,no_apply_button_detected
greenhouse,https://job-boards.greenhouse.io/wehrtyou/jobs/6446852,TradeOps Analyst,no_apply_button_detected
greenhouse,https://job-boards.greenhouse.io/theriversidecompany/jobs/8236670002,"2026 Summer Internship, Information Technology",no_apply_button_detected
lever,https://jobs.lever.co/influur/86876224-c4fb-435d-ba3e-ac6d23c4ba71,Influur - Recruiter - Internship,fetch_failed
lever,https://jobs.lever.co/foth/08ba4247-5c19-4ac9-b9a9-aa1dbce6b8d2/apply,Mechanical Engineering Intern- Machine Design (Summer ...,no_apply_button_detected
greenhouse,https://job-boards.greenhouse.io/flywheelcommercestudents,Jobs at Flywheel Commerce Network - Student Opportunities,no_apply_button_detected
greenhouse,https://job-boards.greenhouse.io/wehrtyou/jobs/96224,Algo Developer,no_apply_button_detected
greenhouse,https://job-boards.greenhouse.io/embed/job_app?for=stripe&token=7285974,"Job Application for PhD Data Scientist, Intern at Stripe",no_apply_button_detected
lever,https://jobs.lever.co/kokonetworks/cc6cb2c8-db5a-4d68-ad0c-eac0c9b9253f/apply,Electronics Engineer Intern - KOKO Networks,fetch_failed
greenhouse,https://job-boards.greenhouse.io/tomorrow/jobs/6605717003?gh_jid=6605717003,Make Tomorrow Your Career,no_apply_button_detected
greenhouse,https://job-boards.greenhouse.io/cloverhealth/jobs/7056070,Clover Health | Job Opening,no_apply_button_detected
greenhouse,https://job-boards.greenhouse.io/bgbgroup/jobs/7234699,"VP, Head of Art",no_apply_button_detected
greenhouse,https://job-boards.greenhouse.io/avenirglobal10,Career opportunities,no_apply_button_detected
greenhouse,http://job-boards.greenhouse.io/peregrinetechnologies,Jobs at Peregrine Technologies,no_apply_button_detected
greenhouse,https://job-boards.greenhouse.io/formlabs/jobs/7368304,Software Product Manager,no_apply_button_detected
greenhouse,https://job-boards.greenhouse.io/formlabs/jobs/7368722,Technical Sales Representative,no_apply_button_detected
greenhouse,https://job-boards.greenhouse.io/formlabs/jobs/7258055?utm_source=MIT+job+board&utm_medium=getro.com&gh_src=MIT+job+board,Head of Investor Relations,no_apply_button_detected
greenhouse,https://job-boards.greenhouse.io/formlabs/jobs/4049197,Startup Founder,no_apply_button_detected
greenhouse,https://job-boards.greenhouse.io/nationalpublicradioinc/jobs/4631286005,Job Application for Test Engineer at NPR,no_apply_button_detected
lever,https://jobs.lever.co/foth/066d1bcf-14f2-4711-95ed-00a3f6288e0f/apply,Civil Engineering Intern-Coastal Infrastructure (Summer ...,fetch_failed
greenhouse,https://job-boards.greenhouse.io/toast/jobs/7367543,"Product Marketing Manager- Guest - Remote, United States",fetch_failed
greenhouse,https://job-boards.greenhouse.io/goldenhippo/jobs/4627696005,Assistant Brand Manager - Pet - United States,fetch_failed
greenhouse,https://job-boards.greenhouse.io/skhynixmemorysolutionsamericainc/jobs/4064515009,ASIC Design Engineer Intern,fetch_failed
greenhouse,https://job-boards.greenhouse.io/datadog/jobs/7368862,Executive Assistant - NYC,no_apply_button_detected
greenhouse,https://job-boards.greenhouse.io/sandstonecarecastlerock/jobs/7375672,Job Application for Clinical Internship at Sandstone Care,no_apply_button_detected
greenhouse,https://job-boards.greenhouse.io/ocadogroup/jobs/4693710101,Search jobs at Ocado Group,no_apply_button_detected
greenhouse,https://job-boards.greenhouse.io/toast/jobs/7346180?utm_source=F-Prime+Capital+Partners+job+board&utm_medium=getro.com&gh_src=F-Prime+Capital+Partners+job+board,"Director of Customer Onboarding, EMEA",fetch_failed
greenhouse,https://job-boards.greenhouse.io/toast/jobs/7367095,"Staff Software Engineer, Guest Engagement - Dublin ...",fetch_failed
greenhouse,https://job-boards.greenhouse.io/pinterest/jobs/7339274,"Staff Machine Learning Engineer, User Understanding",fetch_failed
greenhouse,https://job-boards.greenhouse.io/learnlux/jobs/4973152008,Global Operations Coordinator,no_apply_button_detected
greenhouse,https://job-boards.greenhouse.io/toast/jobs/7362605,"Senior Software Engineer, International Europe",fetch_failed
lever,https://jobs.lever.co/tokenmetrics/4a1bfb3e-1d69-4336-9a4b-59d5c473e99e/apply,Token Metrics - Vibe Marketer Intern,no_apply_button_detected
lever,https://jobs.lever.co/zeeco/7885fdcd-458d-43de-9ff2-a30e68121a1d/apply,Zeeco - Engineering Internships - Summer 2026 - Lever,no_apply_button_detected
lever,https://jobs.lever.co/tokenmetrics/58f3903e-a10e-4907-87b4-d5c1d199e9f7/apply,Token Metrics - Performance Ads Intern,no_apply_button_detected
lever,https://jobs.lever.co/redsox/f37f0648-ba27-41ac-b64d-3d8579dbafd2/apply,2026 Boston Red Sox Photography Intern,no_apply_button_detected
ashbyhq,https://jobs.ashbyhq.com/zip/ff6e6e25-e0e0-4d81-b1f6-be75a7a0511d/application?utm_source=Simplify&amp;ref=Simplify,Software Engineer Intern (Summer 2026),no_apply_button_detected
ashbyhq,https://jobs.ashbyhq.com/Plaud/ec1b8626-2699-477d-8ead-ea206a1e09ea,Global Talent Acquisition Intern - 2026,no_apply_button_detected
