source,url,title,day_posted,country,category
lever,https://jobs.lever.co/leolabs-2/ab781976-b0e8-4e9c-a114-3f8f7883f046,Electrical Engineering Intern,2025-11-24,United Kingdom,tech
lever,https://jobs.lever.co/zoox/dbfab8fc-0975-439d-bab9-3a82cae32b59,Infrastructure Platform Engineer Intern,2025-11-20,United Kingdom,tech
lever,https://jobs.lever.co/standtogether/04ce035c-b3df-4122-a6a1-20d85f7ff252,KIP Spring 2026 - Intern - America&#39;s Future,2025-09-17,United Kingdom,business
lever,https://jobs.lever.co/shieldai/2ab7a6a5-e47d-4899-b924-01e6b61f5d88,2026 Summer Intern - RF Engineering - (R4101),2025-11-26,United Kingdom,tech
lever,https://jobs.lever.co/jobgether/f104ab74-26d3-4f21-a087-e6150f10cd75,Express Solutions Development Intern,2025-11-28,United States,tech
lever,https://jobs.lever.co/shieldai/00637eb9-c959-424a-8aea-ef6483655973,Mission Systems Engineering Intern - 2026 Summer Intern (R4070),2025-11-21,United Kingdom,tech
lever,https://jobs.lever.co/shieldai/b073413a-0adf-40db-bf95-3721b2734531,"2026 Summer Intern - Hardware Test, Mechanical Engineering (R4067)",2025-11-26,United Kingdom,tech
lever,https://jobs.lever.co/tri/dd1a636b-b852-472a-bb17-bcb51c23411c,Robotics Intern - Teleoperation and Spatial Computing,2025-11-11,United Kingdom,tech
lever,https://jobs.lever.co/oleria-security/570265cf-34f7-4b1b-b76a-171be3c13a64,Summer Marketing Intern,2025-10-08,United Kingdom,finance
lever,https://jobs.lever.co/geocomply-2/243686f7-27b8-4cd0-a9df-d4a60de345dc,IT Automation Intern - Winter 2026,2025-10-17,United Kingdom,tech
lever,https://jobs.lever.co/ecosystem/5b579cf3-5bb2-4560-90ea-3230378b1178,Construction Intern,2025-09-30,United Kingdom,tech
lever,https://jobs.lever.co/foth/d07028ae-84aa-45bc-8784-327e34ad8722,Civil Engineering Intern (Summer 2026),2025-11-20,United Kingdom,tech
lever,https://jobs.lever.co/joelefrank/7702369c-6ae3-43ee-afe9-03c50417621c,2026 Summer Internship (San Francisco),2025-11-19,United Kingdom,other
lever,https://jobs.lever.co/jobgether/fa67f32d-faf4-40d4-89af-9a6f9aa9ff98,Intern - IT Infrastructure Development Operations,2025-11-28,United States,tech
lever,https://jobs.lever.co/dga/d118e206-81d8-4dd4-b3e0-ec34c4ad17d5,Spring 2026 Compliance Internship,2025-11-12,United Kingdom,other
lever,https://jobs.lever.co/leolabs-2/583a93a9-1ea2-4f4d-9204-e41f6833db7b,Launch &amp; Orbit Support Team Intern,2025-11-24,United Kingdom,tech
lever,https://jobs.lever.co/zoox/?workplacetype%5B0%5D=onsite&workplacetype%5B1%5D=remote&workplacetype%5B2%5D=hybrid&workplacetype%5B3%5D=hybrid&workplacetype%5B4%5D=onsite&workplacetype%5B5%5D=hybrid&department=Zoox%20Internships,Zoox,2025-11-29,United Kingdom,other
lever,https://jobs.lever.co/standtogether/33adbc7a-cd44-4f6a-9c47-d5a3cc9d0a3a?source=JobTarget,KIP Spring 2026 - International Programs Intern - Foundation for Economic Education,2025-09-24,United Kingdom,tech
lever,https://jobs.lever.co/syntax/df170288-c049-4e75-a0c3-1c55b24f454d,Data Analyst Intern,2025-11-22,United Kingdom,tech
lever,https://jobs.lever.co/tri/a79db09f-aa1d-4e08-8858-1c9fa996858d,Energy &amp; Materials Intern - Probabilistic Programming,2025-11-21,United Kingdom,tech
lever,https://jobs.lever.co/standtogether/ea2adbb0-d996-4a16-99c0-086bf1a9128c/apply,Stand Together - KIP Spring 2026 - Editorial Intern,2025-11-23,United States,other
lever,https://jobs.lever.co/tkda/b5789ee7-f5bf-40b1-9ffb-4d084eac9711/apply,"2026 Summer Intern - Structural Engineering, Buildings",2025-11-23,United Kingdom,tech
lever,https://jobs.lever.co/findhelp/651c32a0-195e-4db7-9ad7-cccbd58f8975/apply,Software Engineer Summer Intern,2025-11-24,United Kingdom,tech
lever,https://jobs.lever.co/leolabs-2/52ed9339-1d07-4c53-95d9-b862969a94a2,Legal Operations Intern,2025-11-24,United Kingdom,business
lever,https://jobs.lever.co/MachinaLabs/1e24999b-9c52-4805-823b-ab2821611f74?lever-source%5B%5D=jobs.gaingels.com,"Frontend Software Engineer, Intern",2025-11-19,United Kingdom,tech
lever,https://jobs.lever.co/matchgroup/66cc088d-e7e7-464d-8155-a804e0c04f0e,Product Design Intern,2025-11-23,United Kingdom,tech
lever,https://jobs.lever.co/lumafield/df6e57dd-d39c-4fd2-9cf0-145a860e5f52/apply,"Lumafield - Product Intern, Hardware",2025-11-23,United Kingdom,other
lever,https://jobs.lever.co/standtogether/fe101a0b-1dc1-40c1-8294-2148b08da333?lever-origin=applied&lever-source%5B%5D=JobTarget&source=JobTarget,KIP Spring 2026 - Fiscal Policy Intern - Independence Institute,2025-10-28,United Kingdom,other
lever,https://jobs.lever.co/MachinaLabs/8615b22a-a49e-49e9-8b66-b23506979912,"Manufacturing Engineer, Intern",2025-11-19,United Kingdom,tech
lever,https://jobs.lever.co/tri/d8460a0d-24f0-4db5-9f10-04664a8526f3/apply,Robotics Intern - Learning from Humans & Language ...,2025-11-23,United Kingdom,other
lever,https://jobs.lever.co/wadetrim/0153e93b-b4c4-4058-9f29-f2e97a4599a8?lever-origin=applied&lever-source%5B%5D=JobTarget&source=JobTarget,Engineer Summer Intern - #2809.32,2025-08-21,United Kingdom,tech
lever,https://jobs.lever.co/brooksrunning/cdb26bb5-4c21-45a6-906b-5f10818cda6d,Marketing Intern EMEA,2025-11-24,United Kingdom,business
lever,https://jobs.lever.co/matchgroup/178e6f99-ddbb-43e1-9e4c-fe2b524e0861/apply?utm_source=Simplify&ref=Simplify,Match Group - iOS Engineer Intern,2025-11-23,United Kingdom,tech
lever,https://jobs.lever.co/oleria-security/570265cf-34f7-4b1b-b76a-171be3c13a64/apply,Oleria Security - Summer Marketing Intern,2025-11-23,United Kingdom,business
lever,https://jobs.lever.co/marcusmillichap/fcc6df54-5ae0-4f1e-a789-6ea4d52fe762,Las Vegas Commercial Real Estate Investment Sales Intern - Summer 2026,2025-11-24,United Kingdom,finance
lever,https://jobs.lever.co/wadetrim/702dfa6c-b683-42de-8e4b-f85e50fc1b8c,Engineer Summer Intern - #2810.17,2025-08-21,United Kingdom,tech
lever,https://jobs.lever.co/marcusmillichap/1e6a3779-2600-465d-b7fd-da4625f5bfa4,Charleston Commercial Real Estate Investment Sales Intern - Summer 2026,2025-11-10,United Kingdom,finance
lever,https://jobs.lever.co/marcusmillichap/c845d882-1ce5-42a2-9812-4e802e76ee89,Inland Empire (Ontario) Commercial Real Estate Investment Sales Intern - Summer 2026,2025-11-24,United Kingdom,finance
lever,https://jobs.lever.co/dnb/4cafbbb9-b23c-4b87-b76b-7749d50430b1/apply,Dun & Bradstreet - Data Scientist - AI Engineer II (R-18581),2025-11-24,United States,tech
lever,https://jobs.lever.co/brightonjones/df4ef0d0-f51b-4be0-9896-0ee448155eea/apply,Brighton Jones - Winter Tax Internship: February - April 2026,2025-11-22,United Kingdom,other
lever,https://jobs.lever.co/ninjavan/da7af4ee-d401-4bd1-bdf1-fed6b23d6bdc/apply?lever-source=LinkedIn,"Ninja Van - Intern, Admin Transport Management",2025-11-26,United Kingdom,other
lever,https://jobs.lever.co/alice-bob/ffd18cb1-8884-4058-be8b-80dc5f15eac2,Marketing Operations Internship (January 2026),2025-11-19,United Kingdom,tech
lever,https://jobs.lever.co/tevora/744e04f9-229e-43ac-9c5c-d8db8b6b7747/apply,Tevora - Cybersecurity Internship Summer 2026 - Payments,2025-11-22,United Kingdom,other
lever,https://jobs.lever.co/ethree/6bfb22d0-5461-4316-8743-7dde99398f6b/apply,2026 Consulting Internship,2025-11-23,Canada,business
lever,https://jobs.lever.co/bpmcpa/,BPM LLP,2025-11-25,United Kingdom,other
lever,https://jobs.lever.co/westair/fcf4999c-33cc-477d-8f7d-b4a5a560435c,Structures Internship - SkillBridge,2025-11-04,United Kingdom,other
lever,https://jobs.lever.co/mistral/8a767935-0455-48e5-9cec-ff1016626a92,Recruitment Coordinator (Internship),2025-11-19,United States,tech
lever,https://jobs.lever.co/clovirtualfashion/4328102d-e972-4cce-b155-59e9d2a3a587,"R&amp;D, Summer Intern (2026) - US/EU",2025-11-22,United Kingdom,tech
lever,https://jobs.lever.co/vestiairecollective?gh_jid=5435956&department=,Vestiaire Collective,2025-11-25,United Kingdom,other
lever,https://jobs.lever.co/larian/27fc755d-40b6-43b9-b58a-3ca3ebb01fc7,Level Design Internship,2025-11-19,United Kingdom,tech
lever,https://jobs.lever.co/voleon/?by=team&workplaceType=hybrid,The Voleon Group,2025-11-29,United Kingdom,other
lever,https://jobs.lever.co/waremalcomb/56df5985-f81f-40f5-b79c-4388a529379f/apply,"Ware Malcomb - Intern, Civil Engineering",2025-11-22,United Kingdom,tech
lever,https://jobs.lever.co/tevora/078cf33f-c391-4539-ab08-a8ebe197dd4d/apply,Tevora - Cybersecurity Internship Winter 2026,2025-11-23,United Kingdom,other
lever,https://jobs.lever.co/shieldai/2ab7a6a5-e47d-4899-b924-01e6b61f5d88/apply?lever-source=Job%20postings%20feed&utm_source=therundown,Shield AI - 2026 Summer Intern - RF Engineering - (R4101),2025-11-27,United Kingdom,tech
lever,https://jobs.lever.co/sanctuary/3298ee39-cf66-4218-b857-51a59528e2f3/apply?lever-source=Job%20postings%20feed&utm_source=therundown,Sanctuary AI - Procurement Intern (Jan 2026),2025-11-28,United Kingdom,tech
lever,https://jobs.lever.co/shieldai/0f9800ed-7967-485a-bd3d-6a6e42d8d581,Mission Systems Engineering Co-op (R4071),2025-11-21,United Kingdom,tech
lever,https://jobs.lever.co/tevora/b5d5bd35-94ee-459d-a442-d94597640e43?lever-origin=applied&lever-source%5B%5D=JobTarget&source=JobTarget,Cybersecurity Internship Summer 2026 - Healthcare,2025-10-25,United Kingdom,tech
lever,https://jobs.lever.co/shieldai?source=post_page---------------------------&department=Finance%20Division,Shield AI,2025-11-26,United Kingdom,tech
lever,https://jobs.lever.co/tevora/480a3148-3423-459e-9902-4ea58f10ffd9?lever-origin=applied&lever-source%5B%5D=JobTarget&source=JobTarget,Cybersecurity Internship  Summer 2026 - International Organization for Standardization (ISO),2025-10-25,United Kingdom,tech
lever,https://jobs.lever.co/matchgroup/7f627ed1-54e7-4e5a-994f-24d99bf0bad5/apply,Match Group - Product Design Internship,2025-11-29,United Kingdom,other
lever,https://jobs.lever.co/zoox/77b65c9f-0f61-4395-bd38-051e2f27b8d2,Software Engineer - Automation Tools and Infrastructure,2025-11-24,United Kingdom,tech
lever,https://jobs.lever.co/shieldai/0ebcc338-59d1-431a-9ac9-ddf85fc4a8bf/apply?lever-source=Job%20postings%20feed&utm_source=therundown,"Shield AI - 2026 Summer Intern - Hardware Test, Software ...",2025-11-27,United Kingdom,tech
lever,https://jobs.lever.co/tevora/e1624b35-9078-42a3-80c0-c5d728bb742e?lever-origin=applied&lever-source%5B%5D=JobTarget&source=JobTarget,Cybersecurity Internship  Winter 2026- Threat,2025-10-06,United Kingdom,tech
lever,https://jobs.lever.co/life/3f2bad3b-7bc8-4ac9-89e8-5e055c0ffd94,Visual Content Creator,2025-11-21,United Kingdom,tech
lever,https://jobs.lever.co/shieldai/0f9800ed-7967-485a-bd3d-6a6e42d8d581/apply?lever-source=Job%20postings%20feed&utm_source=therundown,Shield AI - Mission Systems Engineering Co-op (R4071),2025-11-25,United Kingdom,tech
lever,https://jobs.lever.co/jobgether/5741750e-4a2c-44c6-964f-348498f81c70,Associate Project Manager,2025-11-26,United States,tech
lever,https://jobs.lever.co/addx?trk=organization-update_share-update_update-text&team=Marketing,ADDX,2025-11-23,United Kingdom,other
lever,https://jobs.lever.co/ninjavan/?workplacetype%5B0%5D=remote&workplacetype%5B1%5D=remote&%20strategy=&%20risk%20management=&department=Finance,Ninja Van,2025-11-25,United Kingdom,other
lever,https://jobs.lever.co/tomjames?location=Columbia%2C%20SC,Tom James Company,2025-11-24,United Kingdom,other
lever,https://jobs.lever.co/supportkind/edb225f1-f055-474e-a4b1-75937dd8d138,"Staff Attorney, Fresno, CA",2025-11-20,United Kingdom,business
lever,https://jobs.lever.co/coinmarketcap?team=CMC%20-%20Non%20Tech,Coin Market Cap Ltd,2025-11-23,United Kingdom,other
greenhouse,https://job-boards.greenhouse.io/ogilvy/jobs/4316623005,Internship Opportunity,2025-11-24,United States,other
greenhouse,https://job-boards.greenhouse.io/humanrightswatch/jobs/8304349002,Job Application for Multimedia Intern at Human Rights Watch,2025-11-25,United States,other
greenhouse,https://job-boards.greenhouse.io/affirm/jobs/7528020003,Software Engineering Intern - Summer 2026,2025-11-24,United States,tech
greenhouse,https://job-boards.greenhouse.io/cloudflare/jobs/7427917,Early Talent Programs Intern (Spring/Jan 2026),2025-11-26,,other
greenhouse,https://job-boards.greenhouse.io/thealleninstitute/jobs/7421011,"Research Internship, PRIOR",2025-11-25,United States,other
greenhouse,https://job-boards.greenhouse.io/ogilvyearlycareers/jobs/4632566005,The Ogilvy Group | 2026 Business Summer Internship,2025-11-24,United States,other
greenhouse,https://job-boards.greenhouse.io/usafacts/jobs/4029872009,Software Development Engineer Intern,2025-11-27,United States,tech
greenhouse,https://job-boards.greenhouse.io/galaxydigitalservices/jobs/5721245004,"Sales Intern - 2026 Summer Internship, Hong Kong",2025-11-24,United States,business
greenhouse,https://job-boards.greenhouse.io/ogilvyearlycareers/jobs/4632565005,The Ogilvy Group | 2026 Business Summer Internship,2025-11-24,United States,other
greenhouse,https://job-boards.greenhouse.io/ripplematchinterns/jobs/8305354002,Job Application for Okta - Software Engineer Intern ...,2025-11-24,United States,tech
greenhouse,https://job-boards.greenhouse.io/usafacts/jobs/4029883009?utm_source=Simplify&ref=Simplify,Job Application for AI Product Intern at USAFacts,2025-11-26,United States,tech
greenhouse,https://job-boards.greenhouse.io/bloomreach/jobs/7422346,Intern AI Automation Specialist,2025-11-25,,tech
greenhouse,https://job-boards.greenhouse.io/housinganywhere/jobs/7538780003,Finance Operations - Job Application for Internship,2025-11-25,,business
greenhouse,https://job-boards.greenhouse.io/cloudsek/jobs/5720390004,Cyber Security Analyst - Intern at CloudSEK,2025-11-24,Singapore,tech
greenhouse,http://job-boards.greenhouse.io/navervietnam/jobs/5588172004,Fullstack Engineer (Intern Level),2025-11-23,,tech
greenhouse,https://job-boards.greenhouse.io/onecampaign/jobs/5721570004,Job Application for Campaigns Intern - Italy at ONE ...,2025-11-25,United Kingdom,other
greenhouse,https://job-boards.greenhouse.io/ripplematchinterns/jobs/8311572002,KPMG - Tax Intern | Multiple Locations (Summer 2027) ...,2025-11-27,,other
greenhouse,https://job-boards.greenhouse.io/esusu/jobs/5585276004,FinTech Careers | Mission-Driven Remote Jobs at Esusu,2025-11-25,,other
greenhouse,https://job-boards.greenhouse.io/ripplematchinterns/jobs/8311349002,"Multiple Locations (Winter 2027), application via RippleMatch",2025-11-27,,other
greenhouse,https://job-boards.greenhouse.io/housinganywhere/jobs/7540473003,Client Success (Spanish Speaking) - Internship,2025-11-26,,other
greenhouse,https://job-boards.greenhouse.io/razorpaysoftwareprivatelimited/jobs/4631498005,Resume with Razorpay - Intern - Product Management,2025-11-24,United States,other
greenhouse,https://job-boards.greenhouse.io/navervietnam/jobs/5704771004,"QA Engineer (Intern Level, Korean Speaking)",2025-11-23,,tech
greenhouse,https://job-boards.greenhouse.io/attainsports/jobs/4977885008,Aberdeen IronBirds Spring Internship,2025-11-24,United States,other
greenhouse,https://job-boards.greenhouse.io/pingidentity/jobs/8229674002,Job Application for Strategic Account Executive at Ping ...,2025-11-28,United States,business
greenhouse,https://job-boards.greenhouse.io/presidents/jobs/7525633003,Job Application for Management Intern at Presidents Institute,2025-11-25,,other
greenhouse,https://job-boards.greenhouse.io/freeformfuturecorp/jobs/7541160003,Job Application for Manufacturing Engineer at Freeform,2025-11-27,United States,tech
greenhouse,https://job-boards.greenhouse.io/razorpaysoftwareprivatelimited/jobs/4629021005,"Resume With Razorpay - Intern, Program Manager",2025-11-24,Singapore,other
greenhouse,https://job-boards.greenhouse.io/hackerrank/jobs/7423465,Technical Support Engineer,2025-11-29,United States,tech
greenhouse,https://job-boards.greenhouse.io/asana/jobs/7417119,Talent Acquisition Program Manager in Chicago,2025-11-27,United States,other
greenhouse,https://job-boards.greenhouse.io/sumologic/jobs/7407241,Software Engineer I - Dev Tooling at Sumo Logic,2025-11-24,,tech
greenhouse,https://job-boards.greenhouse.io/cvx/jobs/7525578003,Job Application for Business Intern at CVX Ventures,2025-11-25,,other
greenhouse,https://job-boards.greenhouse.io/tysonmendesllp/jobs/5013151008,Job Application for Senior Counsel at Tyson & Mendes LLP,2025-11-26,United States,other
greenhouse,https://job-boards.greenhouse.io/razorpaysoftwareprivatelimited/jobs/4628494005,Job Application for Analyst - CS Ops at Razorpay Software ...,2025-11-25,Singapore,tech
greenhouse,https://job-boards.greenhouse.io/tysonmendesllp/jobs/4967860008,Senior Counsel (Complex Trial),2025-11-26,United States,other
greenhouse,https://job-boards.greenhouse.io/airbnb/jobs/7421178,"Staff Data Scientist, Platform (Inference/Payments)",2025-11-24,United States,tech
greenhouse,https://job-boards.greenhouse.io/reprofreedomforallinternships/jobs/4991416007,Job Application for Spring 2026 Legal Fellow at Internship ...,2025-11-25,United States,other
greenhouse,https://job-boards.greenhouse.io/novafounders/jobs/7525634003,Job Application for Management Intern at Nova Founders ...,2025-11-25,,other
greenhouse,https://job-boards.greenhouse.io/toast/jobs/7415618,"(Northeast) Sr. Customer Success Manager I, RMM",2025-11-26,United States,tech
greenhouse,https://job-boards.greenhouse.io/toast/jobs/7410620,Workforce Management Scheduling Analyst Lead,2025-11-26,United States,tech
greenhouse,https://job-boards.greenhouse.io/ripplematchinterns/jobs/8306526002,Job Application for Public Consulting Group,2025-11-25,,business
greenhouse,https://job-boards.greenhouse.io/olsson/jobs/5009071008,Job Application for Electrical Designer - Data Centers,2025-11-25,United States,other
greenhouse,https://job-boards.greenhouse.io/focusfinancialpartners/jobs/5722099004,Job Application for Change Management Associate ...,2025-11-26,United States,other
greenhouse,https://job-boards.greenhouse.io/archospice/jobs/4067817009,Hospice Social Worker (PRN),2025-11-26,United States,other
greenhouse,https://job-boards.greenhouse.io/wppmedia/jobs/4982429008,"Job Application for Executive, Planning at WPP Media",2025-11-28,,other
greenhouse,https://job-boards.greenhouse.io/archospice/jobs/4055688009,Hospice Music Therapist,2025-11-25,United States,other
greenhouse,https://job-boards.greenhouse.io/educate/jobs/7430705,Job Application for Chief Financial Officer at Educate!,2025-11-27,United Kingdom,other
greenhouse,https://job-boards.greenhouse.io/educate/jobs/7430973,AI Implementation & Adoption Lead,2025-11-27,United Kingdom,tech
greenhouse,https://job-boards.greenhouse.io/ripplematchinterns/jobs/8309278002,"Multiple Locations (Winter 2027), application via RippleMatch",2025-11-26,,other
greenhouse,https://job-boards.greenhouse.io/nflprivateposting/jobs/5010074008,Club Finance - Job Application for Extern,2025-11-24,United States,other
greenhouse,https://job-boards.greenhouse.io/equityzen/jobs/7537651003,Job Application for Full Stack Engineer at EquityZen,2025-11-24,United States,tech
greenhouse,https://job-boards.greenhouse.io/nflprivateposting/jobs/5010072008,"Job Application for Associate, Accounting- Global Media ...",2025-11-24,United States,other
greenhouse,https://job-boards.greenhouse.io/robinhood/jobs/7022496?gh_src=NaN&gh_jid=7022496,"Director of Engineering, Trading Products",2025-11-27,United States,tech
greenhouse,https://job-boards.greenhouse.io/robinhood/jobs/7420966,"Talent Management Partner, Performance",2025-11-25,United States,other
greenhouse,https://job-boards.greenhouse.io/wovencare/jobs/5011767008,Registered Behavior Technician (RBT) - Sign-On Bonus,2025-11-25,United States,other
greenhouse,https://job-boards.greenhouse.io/sonyinteractiveentertainmentglobal/jobs/5704798004,Associate Financial Analyst - Global Marketing (6m FTC),2025-11-28,United Kingdom,business
greenhouse,https://job-boards.greenhouse.io/spacex/jobs/8165978002?gh_src=7904e6c92us&gh_jid=8165978002,Electrical Integration & Test Engineer (Starshield),2025-11-25,United States,tech
greenhouse,https://job-boards.greenhouse.io/honehealth/jobs/5012059008,"Product Designer, Products & Integrations",2025-11-25,United States,other
lever,https://jobs.lever.co/raine/?location=New%20York%2C%20NY,Raine Group,2025-11-24,United Kingdom,other
lever,https://jobs.lever.co/marcusmillichap?departmenttment=&location=Austin%2C%20TX,Marcus & Millichap,2025-11-23,United Kingdom,other
lever,https://jobs.lever.co/dadavidson?undefined=&frame=1&location=Portland%2C%20OR,D.A. Davidson,2025-11-25,United Kingdom,other
lever,https://jobs.lever.co/glide/38646b2c-5feb-497c-8bdd-b55bbd6f6bfd,Senior Project Manager,2025-11-19,United Kingdom,tech
lever,https://jobs.lever.co/MachinaLabs/c54d0857-09f3-479c-8d8d-cfa55d358be6?lever-origin=applied&lever-source%5B%5D=JobTarget&source=JobTarget,"Product Management, Intern",2025-11-19,United Kingdom,tech
greenhouse,https://job-boards.greenhouse.io/celonis/jobs/7527541003?gh_jid=7527541003,CelonisのLead Project Managerの求人応募,2025-11-25,United States,business
greenhouse,https://job-boards.greenhouse.io/cvx/jobs/7525582003,Job Application for Business Trainee at CVX Ventures,2025-11-26,,other
greenhouse,https://job-boards.greenhouse.io/thealleninstitute/jobs/7417128,"Young Investigator, FlexOlmo",2025-11-25,United States,other
greenhouse,https://job-boards.greenhouse.io/spacex/jobs/8308474002,Test Stand Design & Build Engineer (Structures/Fluid ...,2025-11-26,United States,tech
greenhouse,https://job-boards.greenhouse.io/robinhood/jobs/6816948?gh_src=NaN&gh_jid=6816948,"Engineering Manager, Prediction Markets",2025-11-26,United States,tech
greenhouse,https://job-boards.greenhouse.io/trueanomalyinc/jobs/4992459007?gh_src=d38067917us,Job Application for GNC Engineer at True Anomaly,2025-11-26,United States,tech
greenhouse,https://job-boards.greenhouse.io/phonepe/jobs/7540238003,"Cluster Collection Manager, Delhi",2025-11-27,,other
lever,https://jobs.lever.co/dnb/cc31d08d-3529-4383-8b42-b27224f8ca25/apply,"Dun & Bradstreet - Senior Analyst, Order Management (R- ...",2025-11-23,United States,other
lever,https://jobs.lever.co/oaknorth.ai?lever-via=KawuKf_m5T&workplaceType=hybrid,OakNorth,2025-11-23,United Kingdom,other
lever,https://jobs.lever.co/jobgether/6a1525f1-e8d6-42ef-86f0-18c1245f061e,ML Infrastructure Engineer (Staff / Principal),2025-11-28,United States,tech
lever,https://jobs.lever.co/coupa/b5aa7dba-bae1-4e98-bf49-4c6a96468a1b/apply?lever-origin=applied&lever-source%5B%5D=BuiltInNationwide,Payment Security & Compliance Program Manager - 10981,2025-11-25,United Kingdom,other
lever,https://jobs.lever.co/epifi/e0c4ad86-18e0-48fa-9b0d-f9c6362102d8,Collections Analytics,2025-11-19,United Kingdom,finance
lever,https://jobs.lever.co/coupa/14a6436f-3fd6-4d23-b097-0f08ea97bd0c/apply?lever-source=themuse,"Coupa Software, Inc. - Sr. Solution Advisor (Pre Sales)",2025-11-23,United States,tech
lever,https://jobs.lever.co/gomaterials?workplaceType=remote,GoMaterials,2025-11-24,United Kingdom,other
lever,https://jobs.lever.co/coupa/482a7a7c-a7f5-421c-adc1-2e2115c8bcc7/apply?lever-origin=applied&lever-source%5B%5D=BuiltInNationwide,"Coupa Software, Inc. - Sr. Software Engineer - 10732",2025-11-26,United States,tech
greenhouse,https://job-boards.greenhouse.io/pendo/jobs/8304377002,Business Development Representative - DACH,2025-11-26,United Kingdom,other
greenhouse,https://job-boards.greenhouse.io/boxinc/jobs/7420162,"Director, Enterprise Sales (New York, NY)",2025-11-25,United States,business
greenhouse,https://job-boards.greenhouse.io/spacex/jobs/8306232002,"Principal Electrical Design Engineer, Satellites (Starlink)",2025-11-25,United States,tech
greenhouse,https://job-boards.greenhouse.io/sothebys/jobs/5722644004,Associate HR Business Partner,2025-11-26,United Kingdom,other
greenhouse,https://job-boards.greenhouse.io/newglobesandbox/jobs/5719322004,"Job Application for Manager, Talent Acquisition at NewGlobe",2025-11-27,,other
greenhouse,https://job-boards.greenhouse.io/razorpaysoftwareprivatelimited/jobs/4634582005,"Associate, SME Sales",2025-11-24,Singapore,business
greenhouse,https://job-boards.greenhouse.io/sharkninjaoperatingllc/jobs/4619500006,"Senior Manager, North America Transportation",2025-11-29,United States,other
greenhouse,https://job-boards.greenhouse.io/bloomreach/jobs/7420887,"Senior Marketing Analyst, AI and Insights",2025-11-25,,tech
greenhouse,https://job-boards.greenhouse.io/bloomreach/jobs/7422335,"Principal Field Marketer, APAC",2025-11-25,Australia,other
lever,https://jobs.lever.co/lifestance/402624b7-8c4c-4bb6-afe2-892393ed52b5,Clinical Psychologist (Child or Adult),2025-11-24,United Kingdom,finance
lever,https://jobs.lever.co/binance/14dba7b6-f499-4e10-af3d-b194dbc5d216,Binance Accelerator Program - AI Security Automation,2025-11-25,United Kingdom,tech
lever,https://jobs.lever.co/lifestance/e338491a-cc6a-468e-9d0f-47deb39c6132,Clinical Psychologist,2025-11-24,United Kingdom,finance
lever,https://jobs.lever.co/safran-ai/bf4a6f39-4527-4df2-9a1a-978c0c2a9a34/apply,Safran.AI - Stage - Chargé de Projets Industriels (H/F),2025-11-23,United Kingdom,tech
lever,https://jobs.lever.co/novaspace/?department=Technology%20Consulting,Novaspace,2025-11-23,United Kingdom,other
lever,https://jobs.lever.co/novaspace?department=Executive%20Summits,Novaspace,2025-11-29,United Kingdom,other
lever,https://jobs.lever.co/ispace-inc?department=US%20Engineering,"ispace, inc.",2025-11-28,United Kingdom,other
lever,https://jobs.lever.co/wr/?location=Kent%2C%20WA,World Relief,2025-11-22,United Kingdom,other
greenhouse,https://job-boards.greenhouse.io/razorpaysoftwareprivatelimited/jobs/4630069005,Associate Director - Total Rewards,2025-11-24,Singapore,other
greenhouse,https://job-boards.greenhouse.io/ripplematchinterns/jobs/8306457002,Johnson Controls - Building Engineering Sales Training,2025-11-25,,tech
greenhouse,https://job-boards.greenhouse.io/rocketlab/jobs/7540740003,Job Application for HITL Engineer I/II at Rocket Lab ...,2025-11-26,United States,tech
greenhouse,https://job-boards.greenhouse.io/razorpaysoftwareprivatelimited/jobs/4631492005,Job Application for Product Marketing Manager,2025-11-24,Singapore,business
greenhouse,https://job-boards.greenhouse.io/ripplematchinterns/jobs/8306464002,Johnson Controls - Building Engineering Sales Training,2025-11-25,,tech
greenhouse,https://job-boards.greenhouse.io/rocketlab/jobs/7540727003,Senior Ground Software Engineer I - TS/SCI,2025-11-26,United States,tech
greenhouse,https://job-boards.greenhouse.io/ripplematchinterns/jobs/8307270002,Johnson Controls - Building Engineering Sales Training,2025-11-25,,tech
greenhouse,https://job-boards.greenhouse.io/energysolutions/jobs/4975650007,Technical Project Manager II,2025-11-26,United States,business
greenhouse,https://job-boards.greenhouse.io/canonicaljobs/jobs/7413547,Job Application for Financial Analyst at Canonical,2025-11-22,United States,other
greenhouse,http://job-boards.greenhouse.io/razorpaysoftwareprivatelimited/jobs/4625581005,Job Application for Senior Product Designer at Razorpay ...,2025-11-24,United States,other
lever,https://jobs.lever.co/qrypt?location=New%20York%2C%20NY,Qrypt,2025-11-23,United Kingdom,other
lever,https://jobs.lever.co/tomjames?location=Elmhurst%20Township%2C%20PA,Tom James Company,2025-11-24,United Kingdom,other
lever,https://jobs.lever.co/cognite?location=London,Cognite,2025-11-26,United Kingdom,other
lever,https://jobs.lever.co/ispace-inc?department=JP%20Operation%20Office,"ispace, inc.",2025-11-23,United Kingdom,other
lever,https://jobs.lever.co/crestoperations?department=Avant%20Organics&hsCtaTracking=44a8721a-d18e-41ff-9a89-2d41175aa4fd%7C08c4ee88-3de7-42cb-9479-6ebe14fa99bf,Crest Industries,2025-11-24,United Kingdom,other
lever,https://jobs.lever.co/marcusmillichap/?location=Richmond%2C%20VA,Marcus & Millichap,2025-11-25,United Kingdom,other
lever,https://jobs.lever.co/waremalcomb?lever-via=QWE0YOV1Ai&team=Accounting,Ware Malcomb - Accounting,2025-11-23,United Kingdom,other
lever,https://jobs.lever.co/paytm?s=08&location=Bengaluru%2C%20Karnataka,Paytm,2025-11-23,United Kingdom,other
lever,https://jobs.lever.co/marcusmillichap?departmenttment=&location=St.%20Louis%2C%20MO,Marcus & Millichap,2025-11-23,United Kingdom,other
lever,https://jobs.lever.co/paytm?lever-via=26qEpxlB4G&location=Hardoi%2C%20Uttar%20Pradesh,Paytm,2025-11-22,United Kingdom,other
greenhouse,https://job-boards.greenhouse.io/canonicaljobs/jobs/7414120?gh_src=3tgvw60k1us,Job Application for Accountant at Canonical - Jobs,2025-11-23,United States,other
greenhouse,https://job-boards.greenhouse.io/canonicaljobs/jobs/7414348,Graduate Sales Development Representative,2025-11-22,United States,business
greenhouse,https://job-boards.greenhouse.io/canonicaljobs/jobs/7415084,Containerization & Virtualisation Engineer - Jobs,2025-11-22,,tech
greenhouse,https://job-boards.greenhouse.io/canonicaljobs/jobs/7414628,"Revenue Accounting Manager - Software Industry, IFRS 15 ...",2025-11-22,United States,tech
greenhouse,https://job-boards.greenhouse.io/agoda/jobs/7427215,Customer Experience Specialist - English (Kuala Lumpur),2025-11-26,United States,other
greenhouse,https://job-boards.greenhouse.io/presidents/jobs/7525559003,Job Application for Afgangselev at Presidents Institute,2025-11-25,,other
greenhouse,https://job-boards.greenhouse.io/oportun/jobs/4578801005,Job Application for Security Analyst (R13210) at Oportun,2025-11-25,United States,other
lever,https://jobs.lever.co/zushealth?location=Philadelphia%2C%20PA,Zus Health,2025-11-23,United Kingdom,other
lever,https://jobs.lever.co/shieldai?trk=public_post_comment-text&department=AI%20Hive,Shield AI,2025-11-23,United Kingdom,tech
lever,https://jobs.lever.co/ceso/79e16040-bd3e-4468-8ba9-87efaa0a423b,Business Development Associate &amp; CRM Administrator,2025-10-31,United Kingdom,tech
lever,https://jobs.lever.co/Ubiminds/bb824554-e46b-4011-bee6-568dc0b39c92/apply,Ubiminds - Senior Software Engineer - .NET/React (421),2025-11-26,United Kingdom,tech
lever,https://jobs.lever.co/coingecko/eeb71bfb-43ea-4a64-a69b-db82bf95ec7a,"Customer Success Associate, API (L2)",2025-11-18,United Kingdom,tech
lever,https://jobs.lever.co/ywcaworks/99045aa2-352c-467a-8215-a8c5bc408f58,"Employment Specialist, Case Manager",2025-11-17,United Kingdom,finance
lever,https://jobs.lever.co/paytm?location=Noida%2C%20Uttar%20Pradesh,Paytm,2025-11-25,United Kingdom,other
lever,https://jobs.lever.co/aircall/af65dc64-ffcf-4a82-974c-4bcc611159c9?lever-source%5B%5D=jobs.newfundcap.com,Stage - Sales Development - French market - Paris - 6 months,2025-11-04,United Kingdom,tech
lever,https://jobs.lever.co/supermove/71ab3f85-0b3c-4c94-b5c1-d08efea9a0dd,Implementation Manager,2025-11-26,United Kingdom,tech
lever,https://jobs.lever.co/beta/2dccdbce-b1d5-411a-93f9-54a8c9710698,UX/UI Designer,2025-11-25,United Kingdom,tech
lever,https://jobs.lever.co/paytm?by=commitment&location=Krishnagiri%2C%20Tamil%20Nadu,Paytm,2025-11-26,United Kingdom,other
lever,https://jobs.lever.co/coins/?department=Brazil,Coins.ph,2025-11-29,United Kingdom,other
lever,https://jobs.lever.co/outsight/f22a4f6c-3628-47fb-9359-1fe2f165c603,Internship : AI Automation,2025-11-24,United Kingdom,tech
lever,https://jobs.lever.co/zoox/14c9269b-e52a-45ae-b81b-421b3c439b33,Data Security Intern,2025-11-25,United Kingdom,tech
lever,https://jobs.lever.co/servicewire/28fd3329-91f8-4c66-a7e6-60fc7ffcbb9a,Internship - Human Resources (HR),2025-11-20,United Kingdom,other
lever,https://jobs.lever.co/ethree/6bfb22d0-5461-4316-8743-7dde99398f6b,2026 Consulting Internship,2025-10-28,Canada,tech
lever,https://jobs.lever.co/emersoncollective/62e11e0f-b1b6-4a80-b62f-1db17bc5ebdf,"Summer Intern, Innovation &amp; Impact",2025-11-15,United Kingdom,finance
lever,https://jobs.lever.co/neye-systems-inc./925faffa-c634-4cf4-8b58-09f1956fd231?lever-source%5B%5D=careers.capitalg.com,Process Intern,2025-10-29,United States,tech
lever,https://jobs.lever.co/ppfa/458e81ff-92a2-4ae4-b964-d555d4d9b6ca,Policy Counsel Intern,2025-11-18,United Kingdom,business
greenhouse,https://job-boards.greenhouse.io/zscaler/jobs/4976260007,Job Application for Summer 2026 Technical Internship ...,2025-11-11,United States,other
greenhouse,https://job-boards.greenhouse.io/everagtester/jobs/4960262008,Job Application for Database Management Intern at Ever.Ag,2025-11-03,United States,other
greenhouse,https://job-boards.greenhouse.io/everagtester/jobs/4963165008,Job Application for Milk Accounting Intern at Ever.Ag,2025-11-03,United States,other
greenhouse,https://job-boards.greenhouse.io/lucidmotors/jobs/4970287007,"Intern, Tech Strategy & Transformation, Summer 2026",2025-11-10,United States,business
greenhouse,https://job-boards.greenhouse.io/samsungresearchamericainternship/jobs/8242335002,"2026 Intern, Gen AI/LLM Research",2025-11-05,United States,other
greenhouse,https://job-boards.greenhouse.io/arcesiumllc/jobs/4958477007,Product Management Intern,2025-10-30,,other
greenhouse,https://job-boards.greenhouse.io/icapitalnetwork/jobs/8244966002,Portfolio Management - Summer 2026 Intern at iCapital,2025-11-10,United States,finance
greenhouse,https://job-boards.greenhouse.io/2k/jobs/7519265003,Job Application for Technical Artist (Intern) - NBA 2K,2025-11-07,United States,other
lever,https://jobs.lever.co/emersoncollective/74591a07-dfcb-4047-b20e-f1801d9cc92d,"Summer Intern, Technology: CRM Products",2025-11-17,United Kingdom,tech
lever,https://jobs.lever.co/matchgroup/84135a99-e009-4764-8e88-f0dba164d097,Android Engineer Intern,2025-11-21,United Kingdom,tech
lever,https://jobs.lever.co/zoox/8b843f4c-a6b8-4155-a1c9-270823194c1e,Policy and Regulatory Affairs Intern,2025-11-05,United Kingdom,tech
lever,https://jobs.lever.co/matchgroup/178e6f99-ddbb-43e1-9e4c-fe2b524e0861,iOS Engineer Intern,2025-11-21,United Kingdom,tech
lever,https://jobs.lever.co/standtogether/1db22de2-c1d4-4918-b3b3-3b6f32285145/apply,Stand Together - KIP Spring 2026 - External Affairs Intern,2025-11-23,United Kingdom,other
greenhouse,https://job-boards.greenhouse.io/icapitalnetwork/jobs/8244995002,Transactional Operations - Summer 2026 Intern,2025-11-10,United States,business
greenhouse,https://job-boards.greenhouse.io/merceradvisors/jobs/4992278008,"Intern, Sales Revenue & Operations",2025-11-20,United States,business
greenhouse,https://job-boards.greenhouse.io/orchestra/jobs/8210749002,Corporate Spring 2026 Internship,2025-10-31,United Kingdom,other
greenhouse,https://job-boards.greenhouse.io/novafounders/jobs/7506311003?utm_source=bandana,Nova Founders Capital - Investment Banking Intern ...,2025-11-26,,finance
greenhouse,https://job-boards.greenhouse.io/icapitalnetwork/jobs/8244228002?gh_src=cb16d5a02,Product Management - Summer 2026 Intern,2025-11-10,United States,other
greenhouse,https://job-boards.greenhouse.io/bedrockrobotics/jobs/4971791008,Internship 2026 Application / Interface Software Engineer,2025-10-30,,tech
greenhouse,https://job-boards.greenhouse.io/abakaai/jobs/4057215009,Research Intern (Vision / VLM),2025-11-08,United States,other
lever,https://jobs.lever.co/hyperspectral/e4a2095a-421c-4ea8-b363-101500aa0772,Device Software Engineer Intern,2025-10-22,United Kingdom,tech
lever,https://jobs.lever.co/shieldai/3c39e57b-f1ca-400e-8cb0-71c9e18a3d25,Program Planning Engineering Intern - 2026 Summer Intern (R4106),2025-11-18,United Kingdom,tech
lever,https://jobs.lever.co/standtogether/55ab8edc-add4-4112-8939-7694912716ea/apply,Stand Together - KIP Spring 2026,2025-11-22,United Kingdom,other
lever,https://jobs.lever.co/shieldai/40ebe675-ed25-45bc-91de-8f23f007690f,Production Planning Intern - 2026 Summer Intern (R4108),2025-11-21,United Kingdom,tech
lever,https://jobs.lever.co/matchgroup/a3d22dfe-c539-47f6-bd56-0dc92021bb80,Social Marketing Intern,2025-11-21,United Kingdom,tech
greenhouse,https://job-boards.greenhouse.io/claros/jobs/4956944007,Electrical Engineering Intern Summer 2026 at Claros,2025-11-04,,tech
greenhouse,http://job-boards.greenhouse.io/portagecareers/jobs/4628644005,"Investment Intern, Portage Capital Solutions (Summer 2026)",2025-11-10,United States,finance
greenhouse,http://job-boards.greenhouse.io/bandwidth/jobs/7386207,Software Development Intern (SW Infrastructure) - Summer ...,2025-11-11,,tech
greenhouse,https://job-boards.greenhouse.io/thealleninstitute/jobs/7366263,"Research Internship, Advancing Open Agentic LLMs",2025-11-21,United States,other
lever,https://jobs.lever.co/tri/380ce9bf-2513-421c-8662-176835526796,Robotics Intern - Human-Robot Interaction,2025-11-11,United Kingdom,tech
lever,https://jobs.lever.co/standtogether/5910d4ed-eca0-42d5-b94e-33613627cb1a/apply,KIP Spring 2026 - Policy Intern - The Buckeye Institute,2025-11-22,United Kingdom,other
lever,https://jobs.lever.co/tri/18609a21-daac-4ba2-b244-8f35b1ceac50,"Human-Centered AI Intern, Generative Human Modeling",2025-11-12,United Kingdom,tech
lever,https://jobs.lever.co/tri/d8460a0d-24f0-4db5-9f10-04664a8526f3,Robotics Intern - Learning from Humans &amp; Language Steering,2025-11-11,United Kingdom,tech
lever,https://jobs.lever.co/nexuse-group/6436abd6-db60-4fca-89e7-4dc7c6bd1944,Instrumentation &amp; Controls Engineer Intern or Co-Op (Spring 2026),2025-08-12,United Kingdom,tech
lever,https://jobs.lever.co/tri/c8a9bf91-182e-4945-86d7-bbdf3b328afa,"Human-Centered AI Intern, AI &amp; Behavior Change",2025-11-19,United Kingdom,tech
greenhouse,https://job-boards.greenhouse.io/onxcachedjobs/jobs/4611438006,Job Application for Software Engineering Intern at onX ...,2025-11-01,United States,tech
lever,https://jobs.lever.co/amtengineering/3877a3f7-1513-4452-bbe4-dcfc9c7a5dad,Civil Engineer Intern - May 2026,2025-11-10,United Kingdom,tech
lever,https://jobs.lever.co/tri/f6328403-77a7-401e-b581-d1e0d56fa7a8,"Human Interactive Driving Research Intern, Machine Learning &amp; Optimization",2025-11-12,United Kingdom,tech
lever,https://jobs.lever.co/trendyol/a82ac003-d49f-428d-94ec-d6096ae150f6/apply,Business Development Intern (Saudi Nationals Only),2025-11-29,United Kingdom,other
lever,https://jobs.lever.co/dreamgolf/52ad3c83-14ee-4293-ad19-446fb09f80d0,Agronomy Intern @ Wild Spring Dunes,2025-11-17,United Kingdom,business
greenhouse,https://job-boards.greenhouse.io/reprofreedomforallinternships/jobs/4984131007,Spring 2026 California Organizing Intern,2025-11-18,United States,other
greenhouse,https://job-boards.greenhouse.io/icapitalnetwork/jobs/8244398002,ML/AI Engineering - Summer 2026 Intern at iCapital,2025-11-11,United States,tech
greenhouse,https://job-boards.greenhouse.io/tenstorrentuniversity/jobs/4955782007,CPU Microarchitecture Engineer Intern,2025-11-11,United States,tech
greenhouse,https://job-boards.greenhouse.io/wildlifestudios/jobs/8169895002?ref=levels.fyi&utm_source=levels.fyi,Wildlife Studios Internship Program - 2026,2025-11-08,United States,other
greenhouse,https://job-boards.greenhouse.io/memx/jobs/5004567008,"Information Security Intern, Spring 2026 (Part-time)",2025-11-27,,other
lever,https://jobs.lever.co/NuvoAir/52bc363e-4d3d-4e35-934b-c4e137a8a63e/apply,Clinical Operations Intern - NuvoAir,2025-11-20,United Kingdom,business
lever,https://jobs.lever.co/athenapsych/8e95e89b-65ef-465a-bfea-01d983a2b239/apply,Athena - IT Intern,2025-11-22,United Kingdom,other
lever,https://jobs.lever.co/allegiantair/5e625217-d34e-4462-b22c-d768507a3656/apply,Allegiant - Commercial Products Intern,2025-11-23,United Kingdom,other
lever,https://jobs.lever.co/ataccama/89f97ffb-bc7f-46bf-8176-9a50ccf98902,Software Engineer Intern (Backend),2025-10-23,United Kingdom,tech
greenhouse,https://job-boards.greenhouse.io/tenstorrentuniversity/jobs/4972054007,"Intern, Scaleout Software (Fabric)",2025-11-11,United States,tech
greenhouse,https://job-boards.greenhouse.io/bozzuto/jobs/4950455008,"Sales &amp; Marketing Intern (Summer 2026) &#8211; Boston, MA",2025-11-14,US,business
greenhouse,https://job-boards.greenhouse.io/tenstorrentuniversity/jobs/4987267007,"Software Engineer Intern, AI Compiler",2025-11-19,,tech
greenhouse,https://job-boards.greenhouse.io/tenstorrentuniversity/jobs/4968215007,Machine Learning for Physical Design Intern - CPU/AI ...,2025-11-04,United States,tech
lever,https://jobs.lever.co/tevora/f5877d16-2d58-4604-b005-c057f9a0e519,Cybersecurity Internship  Summer 2026- Solutions,2025-10-25,United Kingdom,tech
lever,https://jobs.lever.co/emersoncollective/64049e6d-9675-4892-a301-709e325e3dd0,"Summer Intern, Sycamore &amp; Oak: Strategic Communications",2025-11-17,United Kingdom,tech
lever,https://jobs.lever.co/buildingswell/42daa198-1084-4db2-a25a-c6744d4b0b48,Customer Success Intern,2025-11-03,United Kingdom,tech
greenhouse,https://job-boards.greenhouse.io/ripplematchinterns/jobs/8286747002?utm_source=bandana,"Corporate Strategy Intern, application via RippleMatch",2025-11-15,,business
greenhouse,https://job-boards.greenhouse.io/simtrabps/jobs/4965091007?gh_src=769307a46us,2026 Summer Internship - Information Technology,2025-11-03,United States,other
greenhouse,https://job-boards.greenhouse.io/housinganywhere/jobs/7540535003,Client Success (German Speaking) - Internship,2025-10-31,,other
greenhouse,https://job-boards.greenhouse.io/galaxydigitalservices/jobs/5690860004,Job Application for 2026 Marketing Intern - NYC at Galaxy,2025-11-05,United States,business
greenhouse,http://job-boards.greenhouse.io/detroitlions/jobs/4626232005,2026 Football Information Summer Intern,2025-11-05,United States,other
lever,https://jobs.lever.co/anysignal/55056c9d-96a8-41f4-845a-7376e650763d,Intern - Hardware Engineer,2025-10-29,United Kingdom,tech
lever,https://jobs.lever.co/matchgroup/55e5b98a-3281-4da1-995c-dbf6e1381575/apply,Match Group - Cloud Infrastructure Engineer Intern,2025-11-21,United Kingdom,tech
lever,https://jobs.lever.co/piccollage/6d2456c8-cb24-43f5-958b-7bfd40b92c3a,Other Internship,2025-11-10,United Kingdom,other
greenhouse,https://job-boards.greenhouse.io/agoda/jobs/7366520,[Summer Internship 2026] CEG Project Management Intern ...,2025-11-02,United States,other
greenhouse,https://job-boards.greenhouse.io/agoda/jobs/7366530,[Summer Internship 2026] CEG Data Analytics Intern,2025-11-02,United States,other
greenhouse,https://job-boards.greenhouse.io/ripplematchinterns/jobs/8285263002?utm_source=bandana,"Business Operations Intern, application via RippleMatch",2025-11-16,United Kingdom,business
greenhouse,https://job-boards.greenhouse.io/agoda/jobs/7366535,[MBA Summer Internship 2026] CEG Project Management ...,2025-11-02,United States,other
lever,https://jobs.lever.co/emersoncollective/39523bda-3ef6-456f-abab-f8ca60f5b3ba,"Summer Intern, XQ Institute: Finance",2025-11-18,United Kingdom,tech
lever,https://jobs.lever.co/viget/2c342b48-349d-4d15-9049-d152e584d306?utm_source=jobs.hackertyper.net&ref=jobs.hackertyper.net,JavaScript Developer Intern (2026),2025-10-30,United Kingdom,tech
lever,https://jobs.lever.co/deliverect/3186f327-f15d-46d6-8ab5-f28ecf900af5,Data Engineer Intern,2025-10-29,United Kingdom,tech
greenhouse,http://job-boards.greenhouse.io/capstonedc/jobs/5693787004,2026 Summer Policy & Investment Internship - PATHWAY,2025-10-31,United States,finance
greenhouse,https://job-boards.greenhouse.io/internrecruiting/jobs/7391694,Program Analyst Co-op/Intern,2025-11-12,United States,other
greenhouse,https://job-boards.greenhouse.io/ogilvyearlycareers/jobs/4634006005,The Ogilvy Group | 2026 Creative Summer Internship,2025-11-25,United States,other
greenhouse,https://job-boards.greenhouse.io/llrpartnersjobs/jobs/4049344009,Summer 2027 Investment Team Internship at LLR Partners,2025-11-05,United States,finance
lever,https://jobs.lever.co/foth/08ba4247-5c19-4ac9-b9a9-aa1dbce6b8d2,Mechanical Engineering Intern- Machine Design (Summer 2026),2025-09-09,United Kingdom,tech
lever,https://jobs.lever.co/shieldai/b328bcb2-f1ca-4a9d-a12e-1d39f7e7f8f5,2026 Summer Intern - Propulsion Engineering (X-BAT),2025-01-02,United Kingdom,tech
lever,https://jobs.lever.co/shieldai/0ebcc338-59d1-431a-9ac9-ddf85fc4a8bf,"2026 Summer Intern - Hardware Test, Software Engineering (R4065)",2025-11-26,United Kingdom,tech
greenhouse,https://job-boards.greenhouse.io/ripplematchinterns/jobs/8291294002,"Electrical Engineering Intern, application via RippleMatch",2025-11-16,,tech
greenhouse,http://job-boards.greenhouse.io/questbridge/jobs/8231286002,"Associate Director, Student Outreach",2025-10-30,,other
greenhouse,https://job-boards.greenhouse.io/ripplematchinterns/jobs/8291303002?utm_source=bandana,"Electrical Engineer Intern, application via RippleMatch",2025-11-16,,tech
greenhouse,https://job-boards.greenhouse.io/ripplematchinterns/jobs/8243411002?utm_source=bandana,"Aerospace Engineering Intern, application via RippleMatch",2025-11-06,,tech
lever,https://jobs.lever.co/ataccama/41c1da9d-1ffa-42f7-816e-137b83fcf4a4,Software Engineer Intern (Fullstack),2025-10-23,United Kingdom,tech
lever,https://jobs.lever.co/tri/380ce9bf-2513-421c-8662-176835526796/apply,Human-Robot Interaction - Toyota Research Institute,2025-11-21,United Kingdom,other
lever,https://jobs.lever.co/shieldai/b073413a-0adf-40db-bf95-3721b2734531/apply?lever-origin=applied&lever-source%5B%5D=BuiltInNationwide,"Shield AI - 2026 Summer Intern - Hardware Test, ...",2025-11-27,United Kingdom,tech
lever,https://jobs.lever.co/tri/437eaae6-5bbc-4113-98ef-4c1a5544eeac/apply,Robotics Intern - Mechanical Engineering,2025-11-21,United Kingdom,tech
lever,https://jobs.lever.co/tri/10f05961-01d8-41ce-ba90-83a1f71c8299/apply,Human Interactive Driving Intern – Localization and Mapping,2025-11-08,United Kingdom,other
greenhouse,https://job-boards.greenhouse.io/embed/job_app?for=gofundme&token=7296075&ref=remotework.FYI&src=remotework.FYI&utm_source=remotework.FYI&utm_campaign=remotework.FYI&source=remotework.FYI&gh_src=remotework.FYI,Job Application for Communications US Intern at GoFundMe,2025-11-16,United States,other
greenhouse,https://job-boards.greenhouse.io/embed/job_app?token=7317491&for=coinbase,Job Application for Tax Operations Intern at Coinbase ...,2025-11-28,United States,business
greenhouse,https://job-boards.greenhouse.io/galaxydigitalservices/jobs/5693194004,2026 Operations Internship - NYC at Galaxy,2025-11-11,United States,business
greenhouse,https://job-boards.greenhouse.io/ripplematchinterns/jobs/8285231002,"Business Operations Intern, application via RippleMatch",2025-11-11,,business
lever,https://jobs.lever.co/xcimer/49a0b2ea-1aea-4753-9ad6-6514dd828550/apply,Xcimer Energy - Summer 2026 Internship,2025-11-04,United Kingdom,other
lever,https://jobs.lever.co/saviynt/17118748-6a11-44e2-9bf9-58badadb6ac0,Software Engineering R&amp;D - Internship,2025-11-04,United Kingdom,tech
lever,https://jobs.lever.co/westair/3453cea0-6f41-4c6f-9a9c-a9919531c4e6,Aircraft Maintenance Internship - SkillBridge,2025-11-04,United Kingdom,other
lever,https://jobs.lever.co/wattpad/697faeb1-c881-4a3e-971a-dc1befa6b107/apply,[WEBTOON] Brand & Partnerships Marketing Intern,2025-11-22,United Kingdom,business
lever,https://jobs.lever.co/matchgroup/596091e0-9d8e-4a3a-92a6-5699386b833e/apply,Match Group - Data Scientist Intern,2025-11-21,United Kingdom,tech
greenhouse,https://job-boards.greenhouse.io/ripplematchinterns/jobs/8311357002,"Multiple Locations (Winter 2027), application via RippleMatch",2025-11-27,,other
greenhouse,https://job-boards.greenhouse.io/bees/jobs/8236435002,Job Application for Legal Internship at BEES,2025-10-31,,other
greenhouse,http://job-boards.greenhouse.io/galaxydigitalservices/jobs/5693202004,2026 Sales and Trading Internships - NYC,2025-10-30,United States,finance
lever,https://jobs.lever.co/tri/c8a9bf91-182e-4945-86d7-bbdf3b328afa/apply,"Human-Centered AI Intern, AI & Behavior Change",2025-11-19,United Kingdom,tech
lever,https://jobs.lever.co/bigblue/0c40ecbb-a694-44ef-baca-38faf8b2b042,Office Administrator Intern 🇪🇸,2025-08-26,United Kingdom,business
greenhouse,https://job-boards.greenhouse.io/ripplematchinterns/jobs/8309518002,"Multiple Locations (Winter 2027), application via RippleMatch",2025-11-27,,other
greenhouse,https://job-boards.greenhouse.io/ripplematchinterns/jobs/8309059002,Job Application for KPMG - Audit Intern | Multiple Locations ...,2025-10-29,,other
greenhouse,https://job-boards.greenhouse.io/ripplematchinterns/jobs/8311477002,"Multiple Locations (Winter 2027), application via RippleMatch",2025-11-28,,other
lever,https://jobs.lever.co/Aprio/2cda14a0-4a57-4889-8e3f-fd617dfb6e61/,"Internship, Information Assurance Services",2023-03-21,United Kingdom,finance
greenhouse,https://job-boards.greenhouse.io/hillel/jobs/4625041005,Assistant Director at University of Connecticut Hillel,2025-10-30,United States,other
greenhouse,https://job-boards.greenhouse.io/playworks96/jobs/7365337,All Open Positions | Engagement Specialist - Playworks,2025-10-29,United States,other
greenhouse,https://job-boards.greenhouse.io/airbnb/jobs/7383965,"Senior Software Engineer, Pricing & Availability",2025-11-10,United States,tech
greenhouse,https://job-boards.greenhouse.io/airbnb/jobs/7415829,"Staff Data Scientist, Marketplace - Careers at Airbnb",2025-11-21,United States,tech
greenhouse,https://job-boards.greenhouse.io/lakefieldveterinarygroup/jobs/4054402009,Emergency Veterinarian,2025-11-19,United States,other
greenhouse,https://job-boards.greenhouse.io/ripplematchinterns/jobs/8308940002,Job Application for UnitedHealth Group - Sales Internship ...,2025-11-26,,business
greenhouse,https://job-boards.greenhouse.io/ideo/jobs/7407198,Job Application for Senior Design Researcher at IDEO,2025-11-18,United States,other
lever,https://jobs.lever.co/bigblue/448cd700-4019-4fc6-b90a-506097db47c5?lever-source%5B%5D=jobs.xange.vc,Data Science Internship - Warehouse optimisation,2025-11-07,United Kingdom,tech
lever,https://jobs.lever.co/ninjavan/ad601283-433c-4d04-89f7-2f9dc24c09a8?lever-source%5B%5D=jobs.monkshill.com,Intern Route To Market,2025-11-14,United Kingdom,other
lever,https://jobs.lever.co/mendix/f05e5539-9f0d-46a1-a2de-bc302211bda3/apply?utm_source=arbeitnow.com,Mendix - Working Student - People Experience (m/f/d),2025-11-21,United Kingdom,other
lever,https://jobs.lever.co/Coda/b3d4c150-f757-4a35-aae2-0bda233a8d17?lever-source=Indeed,FP&amp;A Intern (January-June 2026),2025-11-28,United Kingdom,tech
lever,https://jobs.lever.co/emma-sleep/9fdb1e4e-262a-46df-a0b3-0bfc669ebc1b,Intern Marketing Marketplaces MX,2025-11-06,United Kingdom,business
greenhouse,https://job-boards.greenhouse.io/ripplematchinterns/jobs/8298466002?utm_source=bandana,Armstrong World Industries - 2026 Electrical Engineering ...,2025-11-19,,tech
lever,https://jobs.lever.co/emma-sleep/1b765c93-e3ab-47a0-be34-e14e405faa18,Purchasing &amp; Supply Chain Intern,2025-11-10,United Kingdom,tech
lever,https://jobs.lever.co/pipedrive/1279b3a8-bb14-4919-bff4-7baff2ba3771/apply,Pipedrive - Enterprise Enablement (ESG) Intern,2025-11-19,United Kingdom,other
lever,https://jobs.lever.co/tokenmetrics/58f3903e-a10e-4907-87b4-d5c1d199e9f7?ref=ojjo,Performance Ads Intern,2025-11-11,United Kingdom,tech
greenhouse,https://job-boards.greenhouse.io/agencywithin/jobs/4987641007,Job Application for Social Editor (Freelancer) - IN at WITHIN,2025-11-19,United States,other
greenhouse,http://job-boards.greenhouse.io/spacex/jobs/8148516002,"New Graduate Engineer, Mechanical (Starlink)",2025-11-09,United States,tech
greenhouse,https://job-boards.greenhouse.io/benchling/jobs/7386982?gh_jid=7386982,"Software Engineer, New Grad (2026)",2025-11-11,United States,tech
greenhouse,https://job-boards.greenhouse.io/ripplematchinterns/jobs/8298611002,Job Application for Mohawk Industries - Engineering Intern,2025-11-19,United States,tech
lever,https://jobs.lever.co/kitware/c7e16bbe-604a-4669-8f90-4f8a4d50961e/?lever-source%5B%5D=DiversityJobs,AI Research Internship,2025-10-22,United Kingdom,tech
lever,https://jobs.lever.co/sfcg/13649228-6b28-4862-8a44-63625708c199,Global Program Development Intern,2025-10-27,United States,business
lever,https://jobs.lever.co/standtogether/7f570ca2-182f-4a3b-ab40-52510f4df753?lever-source=employbl,KIP Spring 2026 - Student Fellow (Research and Analysis) - Empire Center for Public Policy,2025-10-02,United Kingdom,other
lever,https://jobs.lever.co/aircall/c9ac9c41-c95e-4ac5-9ba8-03bfc45e6e75,Product Manager Intern - Paris,2025-11-24,United Kingdom,tech
lever,https://jobs.lever.co/djeholdings/53c050e6-881f-4075-b742-083d1c1a0f3e,Intern,2025-10-22,United Kingdom,other
lever,https://jobs.lever.co/mhnchicago/509977b3-47f7-49c8-86fe-08ebfee6725b,Health Equity Intern,2025-11-12,United Kingdom,business
lever,https://jobs.lever.co/xsolla/db6b2f99-e0bc-4869-b479-e4e3cadb52e9,Experiential Marketing Internship - Americas,2025-11-15,United States,tech
greenhouse,https://job-boards.greenhouse.io/hillel/jobs/4632618005,IACT Coordinator for Israel Engagement at Central Florida ...,2025-11-20,United States,other
greenhouse,https://job-boards.greenhouse.io/asana/jobs/7361237,Global Campaigns Specialist in San Francisco,2025-11-07,United States,other
lever,https://jobs.lever.co/next-decade/a323a429-419e-4f75-a1d3-6e2cf0502d97,Summer 2026 Accounting &amp; Finance Internship,2025-09-12,United Kingdom,finance
lever,https://jobs.lever.co/marcusmillichap/4bc4982d-b224-4933-8215-f7643e8f25b0,Tampa Commercial Real Estate Investment Sales Intern - Summer 2026,2025-11-10,United Kingdom,finance
lever,https://jobs.lever.co/field-ai/18b10e56-5af0-4220-bab3-b8ccdff019cc?lever-origin=applied&lever-source%5B%5D=JobTarget&source=JobTarget,4.5 Boston Field Application Engineer -Intern (Part-time),2025-11-21,United Kingdom,tech
lever,https://jobs.lever.co/shieldai/2387e1c8-fc7a-4ee5-8e8f-80643435a114/apply,Shield AI - Propulsion Engineering Spring Co-op (January ...,2025-11-08,United Kingdom,tech
lever,https://jobs.lever.co/marcusmillichap/b60a1153-3a0a-48f3-b524-07190ffef12f,Senior Production Designer,2025-10-31,United Kingdom,finance
lever,https://jobs.lever.co/jiostar/7fb2ab7c-a729-4a59-b093-65e885810c52,Data Science Intern (6-months Internship),2025-12-01,United Kingdom,tech
lever,https://jobs.lever.co/lumafield/71d10f7f-2c99-4a65-92cd-6901dc05d4ce?utm_source=trueup.io&utm_medium=website&ref=trueup,"Engineering Intern, DevOps",2025-10-17,United Kingdom,tech
lever,https://jobs.lever.co/ElectrifiedThermalSolutions/d10d59b8-30ff-42c6-aa05-eaff873f178b,Design Engineer Intern - Spring 2026,2025-09-25,United Kingdom,tech
greenhouse,https://job-boards.greenhouse.io/schonfeld/jobs/7420428,2026 Capital Development & Investor Relations Part Time ...,2025-11-24,United States,other
greenhouse,https://job-boards.greenhouse.io/usafacts/jobs/4029866009?utm_source=Simplify&ref=Simplify,Job Application for Data & AI Engineer Intern at USAFacts,2025-11-27,United States,tech
greenhouse,https://job-boards.greenhouse.io/giantspoon/jobs/4624638005,Experiential Production Intern,2025-11-28,,other
